country,economic_variable,2013,2014,2015,2016,2017,2018,2019,2020
Afghanistan,Adjusted net national income per capita (constant 2015 US$),NA,NA,526,NA,NA,NA,NA,NA
Afghanistan,Gini index,NA,NA,NA,NA,NA,NA,NA,NA
Afghanistan,Income share held by highest 20%,NA,NA,NA,NA,NA,NA,NA,NA
Afghanistan,Income share held by lowest 20%,NA,NA,NA,NA,NA,NA,NA,NA
Afghanistan,Total natural resources rents (% of GDP),0,0,0,0,0,0,0,0
Albania,Adjusted net national income per capita (constant 2015 US$),3227,3255,3267,3375,3450,3587,3621,NA
Albania,Gini index,NA,34,32,33,33,30,30,NA
Albania,Income share held by highest 20%,NA,41,40,41,40,38,39,NA
Albania,Income share held by lowest 20%,NA,7,7,7,7,7,8,NA
Albania,Total natural resources rents (% of GDP),2,3,1,1,1,1,1,1
Algeria,Adjusted net national income per capita (constant 2015 US$),3542,3481,3319,3461,3560,3554,3530,3207
Algeria,Gini index,NA,NA,NA,NA,NA,NA,NA,NA
Algeria,Income share held by highest 20%,NA,NA,NA,NA,NA,NA,NA,NA
Algeria,Income share held by lowest 20%,NA,NA,NA,NA,NA,NA,NA,NA
Algeria,Total natural resources rents (% of GDP),27,24,15,11,14,18,16,11
American Samoa,Adjusted net national income per capita (constant 2015 US$),NA,NA,NA,NA,NA,NA,NA,NA
American Samoa,Gini index,NA,NA,NA,NA,NA,NA,NA,NA
American Samoa,Income share held by highest 20%,NA,NA,NA,NA,NA,NA,NA,NA
American Samoa,Income share held by lowest 20%,NA,NA,NA,NA,NA,NA,NA,NA
American Samoa,Total natural resources rents (% of GDP),0,0,0,0,0,0,0,0
Andorra,Adjusted net national income per capita (constant 2015 US$),NA,NA,NA,NA,NA,NA,NA,NA
Andorra,Gini index,NA,NA,NA,NA,NA,NA,NA,NA
Andorra,Income share held by highest 20%,NA,NA,NA,NA,NA,NA,NA,NA
Andorra,Income share held by lowest 20%,NA,NA,NA,NA,NA,NA,NA,NA
Andorra,Total natural resources rents (% of GDP),0,0,0,0,0,0,0,NA
Angola,Adjusted net national income per capita (constant 2015 US$),2450,2642,3199,4714,3932,2780,2852,2033
Angola,Gini index,NA,NA,NA,NA,NA,51,NA,NA
Angola,Income share held by highest 20%,NA,NA,NA,NA,NA,55,NA,NA
Angola,Income share held by lowest 20%,NA,NA,NA,NA,NA,3,NA,NA
Angola,Total natural resources rents (% of GDP),30,23,10,10,16,27,26,25
Antigua and Barbuda,Adjusted net national income per capita (constant 2015 US$),NA,NA,NA,NA,NA,NA,NA,NA
Antigua and Barbuda,Gini index,NA,NA,NA,NA,NA,NA,NA,NA
Antigua and Barbuda,Income share held by highest 20%,NA,NA,NA,NA,NA,NA,NA,NA
Antigua and Barbuda,Income share held by lowest 20%,NA,NA,NA,NA,NA,NA,NA,NA
Antigua and Barbuda,Total natural resources rents (% of GDP),0,0,0,0,0,0,0,0
Argentina,Adjusted net national income per capita (constant 2015 US$),11782,11257,11707,11342,11864,11086,10511,9659
Argentina,Gini index,40,41,NA,42,41,41,42,42
Argentina,Income share held by highest 20%,46,46,NA,47,46,46,47,47
Argentina,Income share held by lowest 20%,5,5,NA,4,5,5,4,4
Argentina,Total natural resources rents (% of GDP),3,2,1,0,1,2,2,1
Armenia,Adjusted net national income per capita (constant 2015 US$),3269,3322,3288,3254,3609,3779,4013,3665
Armenia,Gini index,30,31,32,32,33,34,29,25
Armenia,Income share held by highest 20%,39,40,40,40,42,43,39,35
Armenia,Income share held by lowest 20%,8,8,8,7,8,8,9,10
Armenia,Total natural resources rents (% of GDP),1,0,0,0,0,1,2,2
Aruba,Adjusted net national income per capita (constant 2015 US$),NA,NA,24192,NA,NA,NA,NA,NA
Aruba,Gini index,NA,NA,NA,NA,NA,NA,NA,NA
Aruba,Income share held by highest 20%,NA,NA,NA,NA,NA,NA,NA,NA
Aruba,Income share held by lowest 20%,NA,NA,NA,NA,NA,NA,NA,NA
Aruba,Total natural resources rents (% of GDP),0,0,0,0,0,0,NA,NA
Australia,Adjusted net national income per capita (constant 2015 US$),NA,NA,44267,NA,NA,NA,NA,NA
Australia,Gini index,NA,34,NA,33,NA,34,NA,NA
Australia,Income share held by highest 20%,NA,42,NA,41,NA,41,NA,NA
Australia,Income share held by lowest 20%,NA,7,NA,7,NA,7,NA,NA
Australia,Total natural resources rents (% of GDP),5,4,3,4,5,5,5,5
Austria,Adjusted net national income per capita (constant 2015 US$),35955,36018,35786,36777,36509,37169,37580,34404
Austria,Gini index,30,30,30,30,29,30,30,NA
Austria,Income share held by highest 20%,38,38,38,38,37,38,38,NA
Austria,Income share held by lowest 20%,8,8,7,7,8,7,7,NA
Austria,Total natural resources rents (% of GDP),0,0,0,0,0,0,0,0
Azerbaijan,Adjusted net national income per capita (constant 2015 US$),NA,NA,4460,NA,NA,NA,NA,NA
Azerbaijan,Gini index,NA,NA,NA,NA,NA,NA,NA,NA
Azerbaijan,Income share held by highest 20%,NA,NA,NA,NA,NA,NA,NA,NA
Azerbaijan,Income share held by lowest 20%,NA,NA,NA,NA,NA,NA,NA,NA
Azerbaijan,Total natural resources rents (% of GDP),26,22,14,15,20,29,25,18
"Bahamas, The",Adjusted net national income per capita (constant 2015 US$),25421,25762,26221,26223,27133,27089,28201,21071
"Bahamas, The",Gini index,NA,NA,NA,NA,NA,NA,NA,NA
"Bahamas, The",Income share held by highest 20%,NA,NA,NA,NA,NA,NA,NA,NA
"Bahamas, The",Income share held by lowest 20%,NA,NA,NA,NA,NA,NA,NA,NA
"Bahamas, The",Total natural resources rents (% of GDP),0,0,0,0,0,0,0,0
Bahrain,Adjusted net national income per capita (constant 2015 US$),17739,17406,17402,17825,18089,17485,17796,16341
Bahrain,Gini index,NA,NA,NA,NA,NA,NA,NA,NA
Bahrain,Income share held by highest 20%,NA,NA,NA,NA,NA,NA,NA,NA
Bahrain,Income share held by lowest 20%,NA,NA,NA,NA,NA,NA,NA,NA
Bahrain,Total natural resources rents (% of GDP),24,22,12,8,10,13,11,8
Bangladesh,Adjusted net national income per capita (constant 2015 US$),1118,1147,1207,1075,1126,1218,1388,1441
Bangladesh,Gini index,NA,NA,NA,32,NA,NA,NA,NA
Bangladesh,Income share held by highest 20%,NA,NA,NA,41,NA,NA,NA,NA
Bangladesh,Income share held by lowest 20%,NA,NA,NA,8,NA,NA,NA,NA
Bangladesh,Total natural resources rents (% of GDP),1,1,0,0,0,0,0,0
Barbados,Adjusted net national income per capita (constant 2015 US$),NA,NA,14442,NA,NA,NA,NA,NA
Barbados,Gini index,NA,NA,NA,NA,NA,NA,NA,NA
Barbados,Income share held by highest 20%,NA,NA,NA,NA,NA,NA,NA,NA
Barbados,Income share held by lowest 20%,NA,NA,NA,NA,NA,NA,NA,NA
Barbados,Total natural resources rents (% of GDP),0,0,0,0,0,0,0,0
Belarus,Adjusted net national income per capita (constant 2015 US$),4964,5120,4891,4610,4799,5012,5123,4883
Belarus,Gini index,26,27,25,25,25,25,25,24
Belarus,Income share held by highest 20%,36,36,35,35,35,35,35,34
Belarus,Income share held by lowest 20%,9,9,9,9,9,10,10,10
Belarus,Total natural resources rents (% of GDP),1,1,1,1,1,1,1,1
Belgium,Adjusted net national income per capita (constant 2015 US$),32776,33181,33821,34130,34382,34690,35457,32849
Belgium,Gini index,27,28,27,27,27,27,27,NA
Belgium,Income share held by highest 20%,36,36,36,36,36,36,36,NA
Belgium,Income share held by lowest 20%,8,8,8,8,8,8,9,NA
Belgium,Total natural resources rents (% of GDP),0,0,0,0,0,0,0,0
Belize,Adjusted net national income per capita (constant 2015 US$),3337,3441,3751,3765,3749,3679,3749,3162
Belize,Gini index,NA,NA,NA,NA,NA,NA,NA,NA
Belize,Income share held by highest 20%,NA,NA,NA,NA,NA,NA,NA,NA
Belize,Income share held by lowest 20%,NA,NA,NA,NA,NA,NA,NA,NA
Belize,Total natural resources rents (% of GDP),3,2,1,1,0,0,0,0
Benin,Adjusted net national income per capita (constant 2015 US$),896,925,927,940,947,977,1025,1027
Benin,Gini index,NA,NA,47,NA,NA,37,NA,NA
Benin,Income share held by highest 20%,NA,NA,52,NA,NA,45,NA,NA
Benin,Income share held by lowest 20%,NA,NA,3,NA,NA,7,NA,NA
Benin,Total natural resources rents (% of GDP),3,3,4,4,4,2,2,2
Bermuda,Adjusted net national income per capita (constant 2015 US$),NA,NA,NA,NA,NA,NA,NA,NA
Bermuda,Gini index,NA,NA,NA,NA,NA,NA,NA,NA
Bermuda,Income share held by highest 20%,NA,NA,NA,NA,NA,NA,NA,NA
Bermuda,Income share held by lowest 20%,NA,NA,NA,NA,NA,NA,NA,NA
Bermuda,Total natural resources rents (% of GDP),0,0,0,0,0,0,0,0
Bhutan,Adjusted net national income per capita (constant 2015 US$),2016,2105,2186,2310,2425,2504,2621,2387
Bhutan,Gini index,NA,NA,NA,NA,37,NA,NA,NA
Bhutan,Income share held by highest 20%,NA,NA,NA,NA,44,NA,NA,NA
Bhutan,Income share held by lowest 20%,NA,NA,NA,NA,6,NA,NA,NA
Bhutan,Total natural resources rents (% of GDP),3,3,4,4,3,1,2,2
Bolivia,Adjusted net national income per capita (constant 2015 US$),2435,2483,2526,2606,2683,2770,2816,2526
Bolivia,Gini index,47,47,46,45,44,42,41,43
Bolivia,Income share held by highest 20%,51,52,51,49,49,47,47,49
Bolivia,Income share held by lowest 20%,3,3,3,3,3,4,5,4
Bolivia,Total natural resources rents (% of GDP),10,8,3,3,5,5,3,2
Bosnia and Herzegovina,Adjusted net national income per capita (constant 2015 US$),3483,3557,3816,4081,4273,4527,4746,4627
Bosnia and Herzegovina,Gini index,NA,NA,NA,NA,NA,NA,NA,NA
Bosnia and Herzegovina,Income share held by highest 20%,NA,NA,NA,NA,NA,NA,NA,NA
Bosnia and Herzegovina,Income share held by lowest 20%,NA,NA,NA,NA,NA,NA,NA,NA
Bosnia and Herzegovina,Total natural resources rents (% of GDP),1,1,1,1,1,1,0,0
Botswana,Adjusted net national income per capita (constant 2015 US$),4442,5038,4726,5271,5023,4889,4795,4524
Botswana,Gini index,NA,NA,53,NA,NA,NA,NA,NA
Botswana,Income share held by highest 20%,NA,NA,58,NA,NA,NA,NA,NA
Botswana,Income share held by lowest 20%,NA,NA,3,NA,NA,NA,NA,NA
Botswana,Total natural resources rents (% of GDP),1,0,0,0,0,0,0,0
Brazil,Adjusted net national income per capita (constant 2015 US$),8091,7985,7619,7307,7352,7299,7357,7001
Brazil,Gini index,52,52,51,53,53,53,53,48
Brazil,Income share held by highest 20%,57,56,56,58,57,58,57,54
Brazil,Income share held by lowest 20%,3,3,3,3,3,3,3,4
Brazil,Total natural resources rents (% of GDP),3,3,2,2,2,3,3,3
British Virgin Islands,Adjusted net national income per capita (constant 2015 US$),NA,NA,NA,NA,NA,NA,NA,NA
British Virgin Islands,Gini index,NA,NA,NA,NA,NA,NA,NA,NA
British Virgin Islands,Income share held by highest 20%,NA,NA,NA,NA,NA,NA,NA,NA
British Virgin Islands,Income share held by lowest 20%,NA,NA,NA,NA,NA,NA,NA,NA
British Virgin Islands,Total natural resources rents (% of GDP),NA,NA,NA,NA,NA,NA,NA,NA
Brunei Darussalam,Adjusted net national income per capita (constant 2015 US$),29369,29083,25926,24563,24911,23540,24740,22388
Brunei Darussalam,Gini index,NA,NA,NA,NA,NA,NA,NA,NA
Brunei Darussalam,Income share held by highest 20%,NA,NA,NA,NA,NA,NA,NA,NA
Brunei Darussalam,Income share held by lowest 20%,NA,NA,NA,NA,NA,NA,NA,NA
Brunei Darussalam,Total natural resources rents (% of GDP),22,21,18,14,17,26,22,17
Bulgaria,Adjusted net national income per capita (constant 2015 US$),5502,5662,5819,6167,6467,6639,7113,7120
Bulgaria,Gini index,36,37,38,40,40,41,40,NA
Bulgaria,Income share held by highest 20%,42,43,44,46,46,47,46,NA
Bulgaria,Income share held by lowest 20%,5,6,5,5,5,5,5,NA
Bulgaria,Total natural resources rents (% of GDP),1,0,0,0,0,0,0,0
Burkina Faso,Adjusted net national income per capita (constant 2015 US$),530,531,544,573,593,622,644,NA
Burkina Faso,Gini index,NA,35,NA,NA,NA,47,NA,NA
Burkina Faso,Income share held by highest 20%,NA,44,NA,NA,NA,54,NA,NA
Burkina Faso,Income share held by lowest 20%,NA,8,NA,NA,NA,5,NA,NA
Burkina Faso,Total natural resources rents (% of GDP),10,10,11,12,12,8,8,8
Burundi,Adjusted net national income per capita (constant 2015 US$),185,186,207,194,186,195,198,209
Burundi,Gini index,38,NA,NA,NA,NA,NA,NA,NA
Burundi,Income share held by highest 20%,46,NA,NA,NA,NA,NA,NA,NA
Burundi,Income share held by lowest 20%,6,NA,NA,NA,NA,NA,NA,NA
Burundi,Total natural resources rents (% of GDP),17,17,15,18,18,12,12,12
Cabo Verde,Adjusted net national income per capita (constant 2015 US$),2413,2382,2430,2525,2583,2710,2840,2353
Cabo Verde,Gini index,NA,NA,42,NA,NA,NA,NA,NA
Cabo Verde,Income share held by highest 20%,NA,NA,48,NA,NA,NA,NA,NA
Cabo Verde,Income share held by lowest 20%,NA,NA,5,NA,NA,NA,NA,NA
Cabo Verde,Total natural resources rents (% of GDP),16,11,9,10,12,14,13,11
Cambodia,Adjusted net national income per capita (constant 2015 US$),937,947,991,1052,1113,1214,1318,1269
Cambodia,Gini index,NA,NA,NA,NA,NA,NA,NA,NA
Cambodia,Income share held by highest 20%,NA,NA,NA,NA,NA,NA,NA,NA
Cambodia,Income share held by lowest 20%,NA,NA,NA,NA,NA,NA,NA,NA
Cambodia,Total natural resources rents (% of GDP),1,2,1,1,1,0,0,1
Cameroon,Adjusted net national income per capita (constant 2015 US$),1054,1100,1127,1155,1156,1179,1202,1239
Cameroon,Gini index,NA,46,NA,NA,NA,NA,NA,NA
Cameroon,Income share held by highest 20%,NA,51,NA,NA,NA,NA,NA,NA
Cameroon,Income share held by lowest 20%,NA,4,NA,NA,NA,NA,NA,NA
Cameroon,Total natural resources rents (% of GDP),7,7,5,5,6,6,6,4
Canada,Adjusted net national income per capita (constant 2015 US$),36051,36564,35274,35199,36589,36628,37041,34083
Canada,Gini index,33,33,33,32,33,NA,NA,NA
Canada,Income share held by highest 20%,40,40,40,40,40,NA,NA,NA
Canada,Income share held by lowest 20%,6,7,6,7,7,NA,NA,NA
Canada,Total natural resources rents (% of GDP),1,1,0,0,1,2,1,1
Cayman Islands,Adjusted net national income per capita (constant 2015 US$),NA,NA,NA,NA,NA,NA,NA,NA
Cayman Islands,Gini index,NA,NA,NA,NA,NA,NA,NA,NA
Cayman Islands,Income share held by highest 20%,NA,NA,NA,NA,NA,NA,NA,NA
Cayman Islands,Income share held by lowest 20%,NA,NA,NA,NA,NA,NA,NA,NA
Cayman Islands,Total natural resources rents (% of GDP),0,0,0,0,0,0,0,0
Central African Republic,Adjusted net national income per capita (constant 2015 US$),283,273,289,325,307,371,367,350
Central African Republic,Gini index,NA,NA,NA,NA,NA,NA,NA,NA
Central African Republic,Income share held by highest 20%,NA,NA,NA,NA,NA,NA,NA,NA
Central African Republic,Income share held by lowest 20%,NA,NA,NA,NA,NA,NA,NA,NA
Central African Republic,Total natural resources rents (% of GDP),12,11,12,13,13,10,9,9
Chad,Adjusted net national income per capita (constant 2015 US$),641,659,593,532,436,460,466,379
Chad,Gini index,NA,NA,NA,NA,NA,37,NA,NA
Chad,Income share held by highest 20%,NA,NA,NA,NA,NA,45,NA,NA
Chad,Income share held by lowest 20%,NA,NA,NA,NA,NA,7,NA,NA
Chad,Total natural resources rents (% of GDP),22,21,13,13,21,24,21,15
Channel Islands,Adjusted net national income per capita (constant 2015 US$),NA,NA,NA,NA,NA,NA,NA,NA
Channel Islands,Gini index,NA,NA,NA,NA,NA,NA,NA,NA
Channel Islands,Income share held by highest 20%,NA,NA,NA,NA,NA,NA,NA,NA
Channel Islands,Income share held by lowest 20%,NA,NA,NA,NA,NA,NA,NA,NA
Channel Islands,Total natural resources rents (% of GDP),NA,NA,NA,NA,NA,NA,NA,NA
Chile,Adjusted net national income per capita (constant 2015 US$),10660,10958,11295,11168,11043,10857,10753,10454
Chile,Gini index,45,NA,44,NA,44,NA,NA,44
Chile,Income share held by highest 20%,52,NA,51,NA,51,NA,NA,51
Chile,Income share held by lowest 20%,5,NA,5,NA,5,NA,NA,5
Chile,Total natural resources rents (% of GDP),7,6,4,3,5,5,4,2
China,Adjusted net national income per capita (constant 2015 US$),5259,5679,6039,6498,6901,7143,7453,7438
China,Gini index,39,39,38,38,39,38,38,NA
China,Income share held by highest 20%,46,45,45,45,45,45,45,NA
China,Income share held by lowest 20%,6,6,6,6,6,6,6,NA
China,Total natural resources rents (% of GDP),3,2,1,1,1,1,1,1
Colombia,Adjusted net national income per capita (constant 2015 US$),4846,5064,5214,5298,5270,5286,5371,4946
Colombia,Gini index,52,52,51,50,49,50,51,54
Colombia,Income share held by highest 20%,57,57,55,55,54,55,56,58
Colombia,Income share held by lowest 20%,3,3,3,3,4,4,3,2
Colombia,Total natural resources rents (% of GDP),7,6,3,2,3,5,4,3
Comoros,Adjusted net national income per capita (constant 2015 US$),1126,1139,1190,1211,1253,1285,1260,1195
Comoros,Gini index,NA,45,NA,NA,NA,NA,NA,NA
Comoros,Income share held by highest 20%,NA,50,NA,NA,NA,NA,NA,NA
Comoros,Income share held by lowest 20%,NA,4,NA,NA,NA,NA,NA,NA
Comoros,Total natural resources rents (% of GDP),1,1,2,2,2,1,1,1
"Congo, Dem. Rep.",Adjusted net national income per capita (constant 2015 US$),315,308,324,326,378,426,419,431
"Congo, Dem. Rep.",Gini index,NA,NA,NA,NA,NA,NA,NA,NA
"Congo, Dem. Rep.",Income share held by highest 20%,NA,NA,NA,NA,NA,NA,NA,NA
"Congo, Dem. Rep.",Income share held by lowest 20%,NA,NA,NA,NA,NA,NA,NA,NA
"Congo, Dem. Rep.",Total natural resources rents (% of GDP),25,24,20,20,24,17,13,14
"Congo, Rep.",Adjusted net national income per capita (constant 2015 US$),1712,1860,1564,1221,852,733,528,511
"Congo, Rep.",Gini index,NA,NA,NA,NA,NA,NA,NA,NA
"Congo, Rep.",Income share held by highest 20%,NA,NA,NA,NA,NA,NA,NA,NA
"Congo, Rep.",Income share held by lowest 20%,NA,NA,NA,NA,NA,NA,NA,NA
"Congo, Rep.",Total natural resources rents (% of GDP),36,32,17,18,33,47,45,37
Costa Rica,Adjusted net national income per capita (constant 2015 US$),9730,9971,10441,10884,11022,11118,11177,10649
Costa Rica,Gini index,49,48,48,48,48,48,48,49
Costa Rica,Income share held by highest 20%,54,53,53,54,54,53,53,54
Costa Rica,Income share held by lowest 20%,4,4,4,4,4,4,4,4
Costa Rica,Total natural resources rents (% of GDP),1,1,1,1,1,0,0,0
Cote d'Ivoire,Adjusted net national income per capita (constant 2015 US$),1076,1245,1835,1924,1990,2089,2142,2242
Cote d'Ivoire,Gini index,NA,NA,41,NA,NA,37,NA,NA
Cote d'Ivoire,Income share held by highest 20%,NA,NA,47,NA,NA,44,NA,NA
Cote d'Ivoire,Income share held by lowest 20%,NA,NA,5,NA,NA,7,NA,NA
Cote d'Ivoire,Total natural resources rents (% of GDP),4,5,3,3,3,3,3,2
Croatia,Adjusted net national income per capita (constant 2015 US$),9390,9405,9971,10202,10891,11377,11909,11146
Croatia,Gini index,32,32,31,30,30,29,28,NA
Croatia,Income share held by highest 20%,39,39,38,38,37,37,37,NA
Croatia,Income share held by lowest 20%,7,7,7,7,7,7,8,NA
Croatia,Total natural resources rents (% of GDP),1,0,0,0,0,0,0,0
Cuba,Adjusted net national income per capita (constant 2015 US$),6194,6366,6703,6930,7034,7115,NA,NA
Cuba,Gini index,NA,NA,NA,NA,NA,NA,NA,NA
Cuba,Income share held by highest 20%,NA,NA,NA,NA,NA,NA,NA,NA
Cuba,Income share held by lowest 20%,NA,NA,NA,NA,NA,NA,NA,NA
Cuba,Total natural resources rents (% of GDP),1,1,0,0,0,1,0,0
Curacao,Adjusted net national income per capita (constant 2015 US$),NA,NA,NA,NA,NA,NA,NA,NA
Curacao,Gini index,NA,NA,NA,NA,NA,NA,NA,NA
Curacao,Income share held by highest 20%,NA,NA,NA,NA,NA,NA,NA,NA
Curacao,Income share held by lowest 20%,NA,NA,NA,NA,NA,NA,NA,NA
Curacao,Total natural resources rents (% of GDP),0,0,0,0,0,0,0,0
Cyprus,Adjusted net national income per capita (constant 2015 US$),19088,18571,20097,20938,22345,23099,23689,21381
Cyprus,Gini index,37,35,34,32,31,32,31,NA
Cyprus,Income share held by highest 20%,45,43,42,41,40,41,40,NA
Cyprus,Income share held by lowest 20%,7,7,7,8,8,8,8,NA
Cyprus,Total natural resources rents (% of GDP),0,0,0,0,0,0,0,0
Czechia,Adjusted net national income per capita (constant 2015 US$),11765,12159,12891,13312,14111,14549,14840,14283
Czechia,Gini index,26,25,25,25,24,25,25,NA
Czechia,Income share held by highest 20%,36,36,35,35,35,35,35,NA
Czechia,Income share held by lowest 20%,9,9,9,10,10,10,10,NA
Czechia,Total natural resources rents (% of GDP),0,0,0,0,0,0,0,0
Denmark,Adjusted net national income per capita (constant 2015 US$),43487,44950,45788,46541,47382,48215,49015,48539
Denmark,Gini index,28,28,28,28,28,28,27,NA
Denmark,Income share held by highest 20%,37,37,37,37,38,37,37,NA
Denmark,Income share held by lowest 20%,9,9,9,9,9,9,9,NA
Denmark,Total natural resources rents (% of GDP),1,1,0,0,0,0,0,0
Djibouti,Adjusted net national income per capita (constant 2015 US$),1681,1911,2073,2102,2107,2373,2617,2599
Djibouti,Gini index,44,NA,NA,NA,41,NA,NA,NA
Djibouti,Income share held by highest 20%,50,NA,NA,NA,47,NA,NA,NA
Djibouti,Income share held by lowest 20%,4,NA,NA,NA,5,NA,NA,NA
Djibouti,Total natural resources rents (% of GDP),0,0,0,0,0,0,0,0
Dominica,Adjusted net national income per capita (constant 2015 US$),NA,NA,6242,NA,NA,NA,NA,NA
Dominica,Gini index,NA,NA,NA,NA,NA,NA,NA,NA
Dominica,Income share held by highest 20%,NA,NA,NA,NA,NA,NA,NA,NA
Dominica,Income share held by lowest 20%,NA,NA,NA,NA,NA,NA,NA,NA
Dominica,Total natural resources rents (% of GDP),0,0,0,0,0,0,0,0
Dominican Republic,Adjusted net national income per capita (constant 2015 US$),5368,5667,6231,6608,6703,7034,7311,6364
Dominican Republic,Gini index,47,44,45,45,42,43,41,39
Dominican Republic,Income share held by highest 20%,53,50,51,51,48,50,48,46
Dominican Republic,Income share held by lowest 20%,4,5,5,4,5,5,6,6
Dominican Republic,Total natural resources rents (% of GDP),1,1,0,1,1,0,1,1
Ecuador,Adjusted net national income per capita (constant 2015 US$),5009,5114,4960,4770,4831,4690,4562,4051
Ecuador,Gini index,46,45,46,45,44,45,45,47
Ecuador,Income share held by highest 20%,52,50,51,50,50,51,51,52
Ecuador,Income share held by lowest 20%,4,4,4,4,4,4,4,4
Ecuador,Total natural resources rents (% of GDP),13,11,4,3,5,7,6,4
"Egypt, Arab Rep.",Adjusted net national income per capita (constant 2015 US$),2833,2868,3047,3115,3008,3073,3172,3306
"Egypt, Arab Rep.",Gini index,NA,NA,31,NA,31,NA,NA,NA
"Egypt, Arab Rep.",Income share held by highest 20%,NA,NA,41,NA,41,NA,NA,NA
"Egypt, Arab Rep.",Income share held by lowest 20%,NA,NA,9,NA,9,NA,NA,NA
"Egypt, Arab Rep.",Total natural resources rents (% of GDP),9,8,4,3,5,6,4,2
El Salvador,Adjusted net national income per capita (constant 2015 US$),3005,3019,3125,3187,3183,3182,3315,3025
El Salvador,Gini index,43,41,40,40,38,38,38,NA
El Salvador,Income share held by highest 20%,49,48,47,46,44,45,45,NA
El Salvador,Income share held by lowest 20%,5,5,6,5,6,6,6,NA
El Salvador,Total natural resources rents (% of GDP),0,1,0,1,0,0,0,0
Equatorial Guinea,Adjusted net national income per capita (constant 2015 US$),4235,4518,4740,4092,3416,3244,2814,2447
Equatorial Guinea,Gini index,NA,NA,NA,NA,NA,NA,NA,NA
Equatorial Guinea,Income share held by highest 20%,NA,NA,NA,NA,NA,NA,NA,NA
Equatorial Guinea,Income share held by lowest 20%,NA,NA,NA,NA,NA,NA,NA,NA
Equatorial Guinea,Total natural resources rents (% of GDP),34,29,18,16,22,30,27,23
Eritrea,Adjusted net national income per capita (constant 2015 US$),NA,NA,NA,NA,NA,NA,NA,NA
Eritrea,Gini index,NA,NA,NA,NA,NA,NA,NA,NA
Eritrea,Income share held by highest 20%,NA,NA,NA,NA,NA,NA,NA,NA
Eritrea,Income share held by lowest 20%,NA,NA,NA,NA,NA,NA,NA,NA
Eritrea,Total natural resources rents (% of GDP),NA,NA,NA,NA,NA,NA,NA,NA
Estonia,Adjusted net national income per capita (constant 2015 US$),13226,13842,14201,14875,15591,16425,17019,16851
Estonia,Gini index,35,34,32,31,30,30,30,NA
Estonia,Income share held by highest 20%,42,42,40,39,38,38,38,NA
Estonia,Income share held by lowest 20%,6,7,7,7,8,8,8,NA
Estonia,Total natural resources rents (% of GDP),1,1,1,1,1,1,1,1
Eswatini,Adjusted net national income per capita (constant 2015 US$),2824,2865,2910,2858,2829,3004,2887,2773
Eswatini,Gini index,NA,NA,NA,54,NA,NA,NA,NA
Eswatini,Income share held by highest 20%,NA,NA,NA,60,NA,NA,NA,NA
Eswatini,Income share held by lowest 20%,NA,NA,NA,3,NA,NA,NA,NA
Eswatini,Total natural resources rents (% of GDP),4,3,3,4,4,3,3,3
Ethiopia,Adjusted net national income per capita (constant 2015 US$),401,447,483,540,580,627,675,715
Ethiopia,Gini index,NA,NA,35,NA,NA,NA,NA,NA
Ethiopia,Income share held by highest 20%,NA,NA,43,NA,NA,NA,NA,NA
Ethiopia,Income share held by lowest 20%,NA,NA,7,NA,NA,NA,NA,NA
Ethiopia,Total natural resources rents (% of GDP),13,13,12,11,9,5,5,5
Faroe Islands,Adjusted net national income per capita (constant 2015 US$),NA,NA,NA,NA,NA,NA,NA,NA
Faroe Islands,Gini index,NA,NA,NA,NA,NA,NA,NA,NA
Faroe Islands,Income share held by highest 20%,NA,NA,NA,NA,NA,NA,NA,NA
Faroe Islands,Income share held by lowest 20%,NA,NA,NA,NA,NA,NA,NA,NA
Faroe Islands,Total natural resources rents (% of GDP),0,0,0,0,0,0,0,NA
Fiji,Adjusted net national income per capita (constant 2015 US$),NA,NA,4099,NA,NA,NA,NA,NA
Fiji,Gini index,36,NA,NA,NA,NA,NA,30,NA
Fiji,Income share held by highest 20%,44,NA,NA,NA,NA,NA,39,NA
Fiji,Income share held by lowest 20%,7,NA,NA,NA,NA,NA,8,NA
Fiji,Total natural resources rents (% of GDP),1,1,1,1,1,1,1,1
Finland,Adjusted net national income per capita (constant 2015 US$),34265,34470,35152,35845,36626,37328,37568,36614
Finland,Gini index,27,26,27,27,27,27,27,NA
Finland,Income share held by highest 20%,36,36,36,36,36,36,37,NA
Finland,Income share held by lowest 20%,9,9,9,9,9,9,9,NA
Finland,Total natural resources rents (% of GDP),0,0,0,0,0,0,0,0
France,Adjusted net national income per capita (constant 2015 US$),30009,30219,30878,31142,31675,31958,32473,29009
France,Gini index,32,32,32,31,31,32,NA,NA
France,Income share held by highest 20%,40,40,40,40,40,40,NA,NA
France,Income share held by lowest 20%,8,8,7,8,8,8,NA,NA
France,Total natural resources rents (% of GDP),0,0,0,0,0,0,0,0
French Polynesia,Adjusted net national income per capita (constant 2015 US$),NA,NA,NA,NA,NA,NA,NA,NA
French Polynesia,Gini index,NA,NA,NA,NA,NA,NA,NA,NA
French Polynesia,Income share held by highest 20%,NA,NA,NA,NA,NA,NA,NA,NA
French Polynesia,Income share held by lowest 20%,NA,NA,NA,NA,NA,NA,NA,NA
French Polynesia,Total natural resources rents (% of GDP),NA,NA,NA,NA,NA,NA,NA,NA
Gabon,Adjusted net national income per capita (constant 2015 US$),4288,4612,4741,4630,4495,5631,5721,5122
Gabon,Gini index,NA,NA,NA,NA,38,NA,NA,NA
Gabon,Income share held by highest 20%,NA,NA,NA,NA,44,NA,NA,NA
Gabon,Income share held by lowest 20%,NA,NA,NA,NA,6,NA,NA,NA
Gabon,Total natural resources rents (% of GDP),31,25,12,12,19,22,22,17
"Gambia, The",Adjusted net national income per capita (constant 2015 US$),444,422,439,440,441,502,514,535
"Gambia, The",Gini index,NA,NA,35,NA,NA,NA,NA,NA
"Gambia, The",Income share held by highest 20%,NA,NA,43,NA,NA,NA,NA,NA
"Gambia, The",Income share held by lowest 20%,NA,NA,7,NA,NA,NA,NA,NA
"Gambia, The",Total natural resources rents (% of GDP),5,5,5,6,6,2,2,2
Georgia,Adjusted net national income per capita (constant 2015 US$),3055,3277,3333,3290,3566,3836,4011,3752
Georgia,Gini index,38,37,36,36,37,36,35,34
Georgia,Income share held by highest 20%,44,44,43,43,44,43,42,41
Georgia,Income share held by lowest 20%,6,6,6,6,6,6,6,7
Georgia,Total natural resources rents (% of GDP),0,0,0,0,0,0,0,0
Germany,Adjusted net national income per capita (constant 2015 US$),33321,33962,34601,35414,36063,36426,36665,34459
Germany,Gini index,31,30,31,31,31,31,NA,NA
Germany,Income share held by highest 20%,39,39,39,39,39,39,NA,NA
Germany,Income share held by lowest 20%,8,8,7,7,7,7,NA,NA
Germany,Total natural resources rents (% of GDP),0,0,0,0,0,0,0,0
Ghana,Adjusted net national income per capita (constant 2015 US$),1426,1324,1331,1377,1397,1489,1557,1729
Ghana,Gini index,NA,NA,NA,43,NA,NA,NA,NA
Ghana,Income share held by highest 20%,NA,NA,NA,48,NA,NA,NA,NA
Ghana,Income share held by lowest 20%,NA,NA,NA,4,NA,NA,NA,NA
Ghana,Total natural resources rents (% of GDP),11,12,10,9,10,10,10,9
Gibraltar,Adjusted net national income per capita (constant 2015 US$),NA,NA,NA,NA,NA,NA,NA,NA
Gibraltar,Gini index,NA,NA,NA,NA,NA,NA,NA,NA
Gibraltar,Income share held by highest 20%,NA,NA,NA,NA,NA,NA,NA,NA
Gibraltar,Income share held by lowest 20%,NA,NA,NA,NA,NA,NA,NA,NA
Gibraltar,Total natural resources rents (% of GDP),NA,NA,NA,NA,NA,NA,NA,NA
Greece,Adjusted net national income per capita (constant 2015 US$),14276,14765,14991,15072,15264,15474,15852,14378
Greece,Gini index,36,35,36,35,34,32,33,NA
Greece,Income share held by highest 20%,42,41,41,41,41,40,40,NA
Greece,Income share held by lowest 20%,5,5,5,6,6,7,7,NA
Greece,Total natural resources rents (% of GDP),0,0,0,0,0,0,0,0
Greenland,Adjusted net national income per capita (constant 2015 US$),NA,NA,NA,NA,NA,NA,NA,NA
Greenland,Gini index,NA,NA,NA,NA,NA,NA,NA,NA
Greenland,Income share held by highest 20%,NA,NA,NA,NA,NA,NA,NA,NA
Greenland,Income share held by lowest 20%,NA,NA,NA,NA,NA,NA,NA,NA
Greenland,Total natural resources rents (% of GDP),0,0,0,0,0,0,0,NA
Grenada,Adjusted net national income per capita (constant 2015 US$),NA,NA,NA,NA,NA,NA,NA,NA
Grenada,Gini index,NA,NA,NA,NA,NA,NA,NA,NA
Grenada,Income share held by highest 20%,NA,NA,NA,NA,NA,NA,NA,NA
Grenada,Income share held by lowest 20%,NA,NA,NA,NA,NA,NA,NA,NA
Grenada,Total natural resources rents (% of GDP),0,0,0,0,0,0,0,0
Guam,Adjusted net national income per capita (constant 2015 US$),NA,NA,NA,NA,NA,NA,NA,NA
Guam,Gini index,NA,NA,NA,NA,NA,NA,NA,NA
Guam,Income share held by highest 20%,NA,NA,NA,NA,NA,NA,NA,NA
Guam,Income share held by lowest 20%,NA,NA,NA,NA,NA,NA,NA,NA
Guam,Total natural resources rents (% of GDP),0,0,0,0,0,0,0,0
Guatemala,Adjusted net national income per capita (constant 2015 US$),3167,3249,3416,3446,3486,3543,3694,3647
Guatemala,Gini index,NA,48,NA,NA,NA,NA,NA,NA
Guatemala,Income share held by highest 20%,NA,53,NA,NA,NA,NA,NA,NA
Guatemala,Income share held by lowest 20%,NA,4,NA,NA,NA,NA,NA,NA
Guatemala,Total natural resources rents (% of GDP),2,2,1,2,1,1,1,1
Guinea,Adjusted net national income per capita (constant 2015 US$),578,583,609,639,712,739,732,816
Guinea,Gini index,NA,NA,NA,NA,NA,29,NA,NA
Guinea,Income share held by highest 20%,NA,NA,NA,NA,NA,38,NA,NA
Guinea,Income share held by lowest 20%,NA,NA,NA,NA,NA,8,NA,NA
Guinea,Total natural resources rents (% of GDP),14,14,14,18,18,12,4,4
Guinea-Bissau,Adjusted net national income per capita (constant 2015 US$),387,414,452,489,546,507,514,496
Guinea-Bissau,Gini index,NA,NA,NA,NA,NA,34,NA,NA
Guinea-Bissau,Income share held by highest 20%,NA,NA,NA,NA,NA,43,NA,NA
Guinea-Bissau,Income share held by lowest 20%,NA,NA,NA,NA,NA,7,NA,NA
Guinea-Bissau,Total natural resources rents (% of GDP),16,18,19,18,15,9,9,10
Guyana,Adjusted net national income per capita (constant 2015 US$),NA,NA,5144,NA,NA,NA,NA,NA
Guyana,Gini index,NA,NA,NA,NA,NA,NA,NA,NA
Guyana,Income share held by highest 20%,NA,NA,NA,NA,NA,NA,NA,NA
Guyana,Income share held by lowest 20%,NA,NA,NA,NA,NA,NA,NA,NA
Guyana,Total natural resources rents (% of GDP),13,10,8,16,12,6,6,19
Haiti,Adjusted net national income per capita (constant 2015 US$),1307,1320,1345,1359,1386,1392,1361,1306
Haiti,Gini index,NA,NA,NA,NA,NA,NA,NA,NA
Haiti,Income share held by highest 20%,NA,NA,NA,NA,NA,NA,NA,NA
Haiti,Income share held by lowest 20%,NA,NA,NA,NA,NA,NA,NA,NA
Haiti,Total natural resources rents (% of GDP),0,0,0,0,0,0,0,0
Honduras,Adjusted net national income per capita (constant 2015 US$),1787,1825,1970,2003,2096,2049,2068,1938
Honduras,Gini index,50,49,49,49,49,48,48,NA
Honduras,Income share held by highest 20%,54,54,53,53,53,53,52,NA
Honduras,Income share held by lowest 20%,3,3,3,3,3,3,3,NA
Honduras,Total natural resources rents (% of GDP),1,2,1,2,1,1,0,1
"Hong Kong SAR, China",Adjusted net national income per capita (constant 2015 US$),NA,NA,NA,NA,NA,NA,NA,NA
"Hong Kong SAR, China",Gini index,NA,NA,NA,NA,NA,NA,NA,NA
"Hong Kong SAR, China",Income share held by highest 20%,NA,NA,NA,NA,NA,NA,NA,NA
"Hong Kong SAR, China",Income share held by lowest 20%,NA,NA,NA,NA,NA,NA,NA,NA
"Hong Kong SAR, China",Total natural resources rents (% of GDP),0,0,0,0,0,0,0,0
Hungary,Adjusted net national income per capita (constant 2015 US$),9179,9570,9968,10523,10793,11358,12081,11490
Hungary,Gini index,31,30,30,30,30,29,30,NA
Hungary,Income share held by highest 20%,39,38,38,38,38,37,37,NA
Hungary,Income share held by lowest 20%,7,7,7,8,7,8,8,NA
Hungary,Total natural resources rents (% of GDP),0,0,0,0,0,0,0,0
Iceland,Adjusted net national income per capita (constant 2015 US$),38325,39320,42267,44863,46026,44945,47893,42482
Iceland,Gini index,25,27,26,27,26,NA,NA,NA
Iceland,Income share held by highest 20%,35,37,36,36,35,NA,NA,NA
Iceland,Income share held by lowest 20%,9,9,9,9,9,NA,NA,NA
Iceland,Total natural resources rents (% of GDP),0,0,0,0,0,0,0,0
India,Adjusted net national income per capita (constant 2015 US$),1223,1293,1391,1478,1584,1658,1713,1575
India,Gini index,NA,NA,34,34,35,34,35,NA
India,Income share held by highest 20%,NA,NA,44,44,45,43,44,NA
India,Income share held by lowest 20%,NA,NA,8,8,8,8,8,NA
India,Total natural resources rents (% of GDP),3,2,1,1,1,2,1,1
Indonesia,Adjusted net national income per capita (constant 2015 US$),2361,2426,2553,2722,2859,2995,3101,2966
Indonesia,Gini index,40,40,40,39,38,38,37,37
Indonesia,Income share held by highest 20%,48,47,47,46,45,45,45,45
Indonesia,Income share held by lowest 20%,7,7,6,6,6,6,7,7
Indonesia,Total natural resources rents (% of GDP),5,4,3,2,3,4,3,2
"Iran, Islamic Rep.",Adjusted net national income per capita (constant 2015 US$),4669,4531,3747,4264,4190,3544,NA,NA
"Iran, Islamic Rep.",Gini index,37,38,39,40,40,42,40,NA
"Iran, Islamic Rep.",Income share held by highest 20%,44,45,46,46,47,48,47,NA
"Iran, Islamic Rep.",Income share held by lowest 20%,6,6,6,6,5,5,6,NA
"Iran, Islamic Rep.",Total natural resources rents (% of GDP),27,27,15,13,18,36,26,22
Iraq,Adjusted net national income per capita (constant 2015 US$),4624,4351,3493,3364,3511,3686,4036,2753
Iraq,Gini index,NA,NA,NA,NA,NA,NA,NA,NA
Iraq,Income share held by highest 20%,NA,NA,NA,NA,NA,NA,NA,NA
Iraq,Income share held by lowest 20%,NA,NA,NA,NA,NA,NA,NA,NA
Iraq,Total natural resources rents (% of GDP),44,45,36,31,37,44,39,32
Ireland,Adjusted net national income per capita (constant 2015 US$),30575,32589,34251,36025,36518,37821,39387,37490
Ireland,Gini index,33,31,31,32,31,30,NA,NA
Ireland,Income share held by highest 20%,41,40,40,41,40,39,NA,NA
Ireland,Income share held by lowest 20%,7,7,8,7,8,8,NA,NA
Ireland,Total natural resources rents (% of GDP),0,0,0,0,0,0,0,0
Isle of Man,Adjusted net national income per capita (constant 2015 US$),NA,NA,NA,NA,NA,NA,NA,NA
Isle of Man,Gini index,NA,NA,NA,NA,NA,NA,NA,NA
Isle of Man,Income share held by highest 20%,NA,NA,NA,NA,NA,NA,NA,NA
Isle of Man,Income share held by lowest 20%,NA,NA,NA,NA,NA,NA,NA,NA
Isle of Man,Total natural resources rents (% of GDP),0,0,0,0,0,0,0,NA
Israel,Adjusted net national income per capita (constant 2015 US$),28875,30031,30806,31841,32775,33269,34297,32653
Israel,Gini index,40,39,39,39,38,38,NA,NA
Israel,Income share held by highest 20%,45,44,44,44,43,43,NA,NA
Israel,Income share held by lowest 20%,5,5,5,5,5,5,NA,NA
Israel,Total natural resources rents (% of GDP),0,0,0,0,0,0,0,0
Italy,Adjusted net national income per capita (constant 2015 US$),24341,24322,24459,25484,25976,26375,26882,24252
Italy,Gini index,34,34,35,35,35,35,NA,NA
Italy,Income share held by highest 20%,41,41,41,41,42,41,NA,NA
Italy,Income share held by lowest 20%,6,6,5,6,6,6,NA,NA
Italy,Total natural resources rents (% of GDP),0,0,0,0,0,0,0,0
Jamaica,Adjusted net national income per capita (constant 2015 US$),4420,4412,4515,4587,4703,4772,4846,4329
Jamaica,Gini index,NA,NA,NA,NA,NA,NA,NA,NA
Jamaica,Income share held by highest 20%,NA,NA,NA,NA,NA,NA,NA,NA
Jamaica,Income share held by lowest 20%,NA,NA,NA,NA,NA,NA,NA,NA
Jamaica,Total natural resources rents (% of GDP),1,1,1,1,1,1,0,0
Japan,Adjusted net national income per capita (constant 2015 US$),26360,26473,27545,27795,28300,28113,28165,27166
Japan,Gini index,32,NA,NA,NA,NA,NA,NA,NA
Japan,Income share held by highest 20%,41,NA,NA,NA,NA,NA,NA,NA
Japan,Income share held by lowest 20%,7,NA,NA,NA,NA,NA,NA,NA
Japan,Total natural resources rents (% of GDP),0,0,0,0,0,0,0,0
Jordan,Adjusted net national income per capita (constant 2015 US$),4288,3942,3736,3654,3697,3631,3675,3531
Jordan,Gini index,NA,NA,NA,NA,NA,NA,NA,NA
Jordan,Income share held by highest 20%,NA,NA,NA,NA,NA,NA,NA,NA
Jordan,Income share held by lowest 20%,NA,NA,NA,NA,NA,NA,NA,NA
Jordan,Total natural resources rents (% of GDP),1,1,1,1,0,0,0,0
Kazakhstan,Adjusted net national income per capita (constant 2015 US$),7551,7903,8090,7794,7963,7854,8253,8231
Kazakhstan,Gini index,27,27,26,27,27,27,NA,NA
Kazakhstan,Income share held by highest 20%,37,37,36,37,37,37,NA,NA
Kazakhstan,Income share held by lowest 20%,9,9,10,9,9,9,NA,NA
Kazakhstan,Total natural resources rents (% of GDP),19,17,9,11,15,21,19,15
Kenya,Adjusted net national income per capita (constant 2015 US$),1034,1039,1114,1285,1269,1331,1362,1343
Kenya,Gini index,NA,NA,40,NA,NA,NA,NA,NA
Kenya,Income share held by highest 20%,NA,NA,47,NA,NA,NA,NA,NA
Kenya,Income share held by lowest 20%,NA,NA,6,NA,NA,NA,NA,NA
Kenya,Total natural resources rents (% of GDP),2,2,2,2,2,1,1,1
Kiribati,Adjusted net national income per capita (constant 2015 US$),2018,2349,2891,2566,2750,2780,3022,2764
Kiribati,Gini index,NA,NA,NA,NA,NA,NA,27,NA
Kiribati,Income share held by highest 20%,NA,NA,NA,NA,NA,NA,37,NA
Kiribati,Income share held by lowest 20%,NA,NA,NA,NA,NA,NA,9,NA
Kiribati,Total natural resources rents (% of GDP),0,0,0,0,0,0,0,0
"Korea, Dem. People's Rep.",Adjusted net national income per capita (constant 2015 US$),NA,NA,NA,NA,NA,NA,NA,NA
"Korea, Dem. People's Rep.",Gini index,NA,NA,NA,NA,NA,NA,NA,NA
"Korea, Dem. People's Rep.",Income share held by highest 20%,NA,NA,NA,NA,NA,NA,NA,NA
"Korea, Dem. People's Rep.",Income share held by lowest 20%,NA,NA,NA,NA,NA,NA,NA,NA
"Korea, Dem. People's Rep.",Total natural resources rents (% of GDP),NA,NA,NA,NA,NA,NA,NA,NA
"Korea, Rep.",Adjusted net national income per capita (constant 2015 US$),21757,22262,23432,24404,25119,25277,25086,24486
"Korea, Rep.",Gini index,NA,31,NA,31,NA,NA,NA,NA
"Korea, Rep.",Income share held by highest 20%,NA,38,NA,39,NA,NA,NA,NA
"Korea, Rep.",Income share held by lowest 20%,NA,7,NA,7,NA,NA,NA,NA
"Korea, Rep.",Total natural resources rents (% of GDP),0,0,0,0,0,0,0,0
Kosovo,Adjusted net national income per capita (constant 2015 US$),NA,NA,NA,NA,NA,NA,NA,NA
Kosovo,Gini index,26,27,26,26,29,NA,NA,NA
Kosovo,Income share held by highest 20%,36,36,36,36,38,NA,NA,NA
Kosovo,Income share held by lowest 20%,9,9,9,9,9,NA,NA,NA
Kosovo,Total natural resources rents (% of GDP),0,0,0,0,0,0,0,0
Kuwait,Adjusted net national income per capita (constant 2015 US$),41637,38095,27070,24861,27338,28615,27397,NA
Kuwait,Gini index,NA,NA,NA,NA,NA,NA,NA,NA
Kuwait,Income share held by highest 20%,NA,NA,NA,NA,NA,NA,NA,NA
Kuwait,Income share held by lowest 20%,NA,NA,NA,NA,NA,NA,NA,NA
Kuwait,Total natural resources rents (% of GDP),53,51,37,32,37,45,41,32
Kyrgyz Republic,Adjusted net national income per capita (constant 2015 US$),822,850,848,944,968,1061,997,914
Kyrgyz Republic,Gini index,28,26,29,26,27,27,29,29
Kyrgyz Republic,Income share held by highest 20%,38,37,38,37,37,37,39,38
Kyrgyz Republic,Income share held by lowest 20%,9,10,9,10,9,9,9,9
Kyrgyz Republic,Total natural resources rents (% of GDP),5,4,4,5,8,4,7,11
Lao PDR,Adjusted net national income per capita (constant 2015 US$),1426,1568,1644,1840,NA,NA,NA,NA
Lao PDR,Gini index,NA,NA,NA,NA,NA,38,NA,NA
Lao PDR,Income share held by highest 20%,NA,NA,NA,NA,NA,46,NA,NA
Lao PDR,Income share held by lowest 20%,NA,NA,NA,NA,NA,7,NA,NA
Lao PDR,Total natural resources rents (% of GDP),12,8,5,4,4,3,3,3
Latvia,Adjusted net national income per capita (constant 2015 US$),9652,9941,10454,11151,11739,12404,12924,12692
Latvia,Gini index,35,35,34,34,35,35,34,NA
Latvia,Income share held by highest 20%,42,42,41,41,42,42,42,NA
Latvia,Income share held by lowest 20%,6,6,7,6,6,7,7,NA
Latvia,Total natural resources rents (% of GDP),1,1,0,0,1,0,1,1
Lebanon,Adjusted net national income per capita (constant 2015 US$),6361,5979,6333,6866,7179,7160,6862,5264
Lebanon,Gini index,NA,NA,NA,NA,NA,NA,NA,NA
Lebanon,Income share held by highest 20%,NA,NA,NA,NA,NA,NA,NA,NA
Lebanon,Income share held by lowest 20%,NA,NA,NA,NA,NA,NA,NA,NA
Lebanon,Total natural resources rents (% of GDP),0,0,0,0,0,0,0,0
Lesotho,Adjusted net national income per capita (constant 2015 US$),943,987,1055,1027,954,1001,973,782
Lesotho,Gini index,NA,NA,NA,NA,44,NA,NA,NA
Lesotho,Income share held by highest 20%,NA,NA,NA,NA,49,NA,NA,NA
Lesotho,Income share held by lowest 20%,NA,NA,NA,NA,4,NA,NA,NA
Lesotho,Total natural resources rents (% of GDP),5,5,6,7,6,3,3,5
Liberia,Adjusted net national income per capita (constant 2015 US$),NA,NA,378,NA,NA,NA,NA,NA
Liberia,Gini index,NA,33,NA,35,NA,NA,NA,NA
Liberia,Income share held by highest 20%,NA,41,NA,42,NA,NA,NA,NA
Liberia,Income share held by lowest 20%,NA,7,NA,7,NA,NA,NA,NA
Liberia,Total natural resources rents (% of GDP),28,26,19,20,21,13,14,15
Libya,Adjusted net national income per capita (constant 2015 US$),NA,NA,4179,NA,NA,NA,NA,NA
Libya,Gini index,NA,NA,NA,NA,NA,NA,NA,NA
Libya,Income share held by highest 20%,NA,NA,NA,NA,NA,NA,NA,NA
Libya,Income share held by lowest 20%,NA,NA,NA,NA,NA,NA,NA,NA
Libya,Total natural resources rents (% of GDP),52,43,28,22,38,43,44,22
Liechtenstein,Adjusted net national income per capita (constant 2015 US$),NA,NA,NA,NA,NA,NA,NA,NA
Liechtenstein,Gini index,NA,NA,NA,NA,NA,NA,NA,NA
Liechtenstein,Income share held by highest 20%,NA,NA,NA,NA,NA,NA,NA,NA
Liechtenstein,Income share held by lowest 20%,NA,NA,NA,NA,NA,NA,NA,NA
Liechtenstein,Total natural resources rents (% of GDP),0,0,0,0,0,0,0,NA
Lithuania,Adjusted net national income per capita (constant 2015 US$),10967,11660,11837,12441,13226,13879,14565,14583
Lithuania,Gini index,35,37,37,38,37,35,35,NA
Lithuania,Income share held by highest 20%,42,44,44,45,43,42,42,NA
Lithuania,Income share held by lowest 20%,6,6,6,6,6,6,7,NA
Lithuania,Total natural resources rents (% of GDP),0,0,0,0,0,0,0,0
Luxembourg,Adjusted net national income per capita (constant 2015 US$),62209,64337,55706,58103,62841,62095,56892,60463
Luxembourg,Gini index,32,31,32,31,34,35,34,NA
Luxembourg,Income share held by highest 20%,39,39,40,39,41,42,41,NA
Luxembourg,Income share held by lowest 20%,7,7,7,7,6,6,7,NA
Luxembourg,Total natural resources rents (% of GDP),0,0,0,0,0,0,0,0
"Macao SAR, China",Adjusted net national income per capita (constant 2015 US$),NA,NA,NA,NA,NA,NA,NA,NA
"Macao SAR, China",Gini index,NA,NA,NA,NA,NA,NA,NA,NA
"Macao SAR, China",Income share held by highest 20%,NA,NA,NA,NA,NA,NA,NA,NA
"Macao SAR, China",Income share held by lowest 20%,NA,NA,NA,NA,NA,NA,NA,NA
"Macao SAR, China",Total natural resources rents (% of GDP),0,0,0,0,0,0,0,0
Madagascar,Adjusted net national income per capita (constant 2015 US$),346,345,352,369,370,396,388,361
Madagascar,Gini index,NA,NA,NA,NA,NA,NA,NA,NA
Madagascar,Income share held by highest 20%,NA,NA,NA,NA,NA,NA,NA,NA
Madagascar,Income share held by lowest 20%,NA,NA,NA,NA,NA,NA,NA,NA
Madagascar,Total natural resources rents (% of GDP),6,7,8,8,7,4,4,5
Malawi,Adjusted net national income per capita (constant 2015 US$),NA,NA,296,NA,NA,NA,NA,NA
Malawi,Gini index,NA,NA,NA,44,NA,NA,38,NA
Malawi,Income share held by highest 20%,NA,NA,NA,51,NA,NA,46,NA
Malawi,Income share held by lowest 20%,NA,NA,NA,6,NA,NA,6,NA
Malawi,Total natural resources rents (% of GDP),9,9,8,10,7,4,4,3
Malaysia,Adjusted net national income per capita (constant 2015 US$),6439,6647,6898,7115,7352,7387,7861,7421
Malaysia,Gini index,41,NA,41,NA,NA,NA,NA,NA
Malaysia,Income share held by highest 20%,47,NA,47,NA,NA,NA,NA,NA
Malaysia,Income share held by lowest 20%,5,NA,5,NA,NA,NA,NA,NA
Malaysia,Total natural resources rents (% of GDP),8,8,6,5,6,8,6,5
Maldives,Adjusted net national income per capita (constant 2015 US$),NA,7741,7758,6998,7154,7016,7128,5038
Maldives,Gini index,NA,NA,NA,31,NA,NA,29,NA
Maldives,Income share held by highest 20%,NA,NA,NA,39,NA,NA,38,NA
Maldives,Income share held by lowest 20%,NA,NA,NA,8,NA,NA,8,NA
Maldives,Total natural resources rents (% of GDP),0,0,0,0,0,0,0,0
Mali,Adjusted net national income per capita (constant 2015 US$),547,589,616,641,625,619,620,614
Mali,Gini index,NA,NA,NA,NA,NA,36,NA,NA
Mali,Income share held by highest 20%,NA,NA,NA,NA,NA,43,NA,NA
Mali,Income share held by lowest 20%,NA,NA,NA,NA,NA,7,NA,NA
Mali,Total natural resources rents (% of GDP),8,7,7,8,7,7,7,9
Malta,Adjusted net national income per capita (constant 2015 US$),NA,NA,NA,NA,NA,NA,NA,NA
Malta,Gini index,28,29,29,29,29,28,31,NA
Malta,Income share held by highest 20%,37,37,38,37,38,37,39,NA
Malta,Income share held by lowest 20%,8,8,8,8,8,8,8,NA
Malta,Total natural resources rents (% of GDP),0,0,0,0,0,0,0,0
Marshall Islands,Adjusted net national income per capita (constant 2015 US$),NA,NA,NA,NA,NA,NA,NA,NA
Marshall Islands,Gini index,NA,NA,NA,NA,NA,NA,35,NA
Marshall Islands,Income share held by highest 20%,NA,NA,NA,NA,NA,NA,43,NA
Marshall Islands,Income share held by lowest 20%,NA,NA,NA,NA,NA,NA,7,NA
Marshall Islands,Total natural resources rents (% of GDP),0,0,0,0,0,0,0,0
Mauritania,Adjusted net national income per capita (constant 2015 US$),1511,1322,1347,1471,1505,1700,1772,1693
Mauritania,Gini index,NA,32,NA,NA,NA,NA,NA,NA
Mauritania,Income share held by highest 20%,NA,40,NA,NA,NA,NA,NA,NA
Mauritania,Income share held by lowest 20%,NA,7,NA,NA,NA,NA,NA,NA
Mauritania,Total natural resources rents (% of GDP),17,13,6,8,9,2,2,2
Mauritius,Adjusted net national income per capita (constant 2015 US$),7983,8302,8661,9092,9464,10015,10267,8243
Mauritius,Gini index,NA,NA,NA,NA,36,NA,NA,NA
Mauritius,Income share held by highest 20%,NA,NA,NA,NA,44,NA,NA,NA
Mauritius,Income share held by lowest 20%,NA,NA,NA,NA,7,NA,NA,NA
Mauritius,Total natural resources rents (% of GDP),0,0,0,0,0,0,0,0
Mexico,Adjusted net national income per capita (constant 2015 US$),7323,7563,7733,7818,7950,8018,7986,6971
Mexico,Gini index,NA,48,NA,47,NA,46,NA,45
Mexico,Income share held by highest 20%,NA,54,NA,53,NA,52,NA,51
Mexico,Income share held by lowest 20%,NA,4,NA,4,NA,4,NA,5
Mexico,Total natural resources rents (% of GDP),5,4,2,1,2,2,2,2
"Micronesia, Fed. Sts.",Adjusted net national income per capita (constant 2015 US$),NA,NA,3232,NA,NA,NA,NA,NA
"Micronesia, Fed. Sts.",Gini index,40,NA,NA,NA,NA,NA,NA,NA
"Micronesia, Fed. Sts.",Income share held by highest 20%,46,NA,NA,NA,NA,NA,NA,NA
"Micronesia, Fed. Sts.",Income share held by lowest 20%,5,NA,NA,NA,NA,NA,NA,NA
"Micronesia, Fed. Sts.",Total natural resources rents (% of GDP),0,0,0,0,0,0,0,0
Moldova,Adjusted net national income per capita (constant 2015 US$),2517,2636,2439,2684,2903,3021,3209,3082
Moldova,Gini index,28,26,27,26,25,25,26,NA
Moldova,Income share held by highest 20%,37,36,36,36,36,36,36,NA
Moldova,Income share held by lowest 20%,9,9,9,10,10,10,10,NA
Moldova,Total natural resources rents (% of GDP),0,0,0,0,0,0,0,0
Monaco,Adjusted net national income per capita (constant 2015 US$),NA,NA,NA,NA,NA,NA,NA,NA
Monaco,Gini index,NA,NA,NA,NA,NA,NA,NA,NA
Monaco,Income share held by highest 20%,NA,NA,NA,NA,NA,NA,NA,NA
Monaco,Income share held by lowest 20%,NA,NA,NA,NA,NA,NA,NA,NA
Monaco,Total natural resources rents (% of GDP),0,0,0,0,0,0,0,NA
Mongolia,Adjusted net national income per capita (constant 2015 US$),3068,3095,3067,3124,3035,3328,3506,3452
Mongolia,Gini index,NA,32,NA,32,NA,32,NA,NA
Mongolia,Income share held by highest 20%,NA,40,NA,40,NA,40,NA,NA
Mongolia,Income share held by lowest 20%,NA,8,NA,8,NA,7,NA,NA
Mongolia,Total natural resources rents (% of GDP),18,16,9,10,17,19,15,14
Montenegro,Adjusted net national income per capita (constant 2015 US$),5635,5699,6040,6344,6752,7188,7456,6279
Montenegro,Gini index,39,38,39,38,36,36,NA,NA
Montenegro,Income share held by highest 20%,44,43,44,43,42,42,NA,NA
Montenegro,Income share held by lowest 20%,5,5,5,5,5,5,NA,NA
Montenegro,Total natural resources rents (% of GDP),0,0,0,0,1,0,0,0
Morocco,Adjusted net national income per capita (constant 2015 US$),2178,2391,2514,2538,2623,2670,2754,2579
Morocco,Gini index,39,NA,NA,NA,NA,NA,NA,NA
Morocco,Income share held by highest 20%,47,NA,NA,NA,NA,NA,NA,NA
Morocco,Income share held by lowest 20%,6,NA,NA,NA,NA,NA,NA,NA
Morocco,Total natural resources rents (% of GDP),4,3,2,3,3,2,0,0
Mozambique,Adjusted net national income per capita (constant 2015 US$),437,451,468,461,472,466,425,402
Mozambique,Gini index,NA,54,NA,NA,NA,NA,NA,NA
Mozambique,Income share held by highest 20%,NA,59,NA,NA,NA,NA,NA,NA
Mozambique,Income share held by lowest 20%,NA,4,NA,NA,NA,NA,NA,NA
Mozambique,Total natural resources rents (% of GDP),12,13,12,16,18,15,12,11
Myanmar,Adjusted net national income per capita (constant 2015 US$),935,975,1065,1083,1113,1174,1252,1321
Myanmar,Gini index,NA,NA,38,NA,30,NA,NA,NA
Myanmar,Income share held by highest 20%,NA,NA,45,NA,39,NA,NA,NA
Myanmar,Income share held by lowest 20%,NA,NA,7,NA,8,NA,NA,NA
Myanmar,Total natural resources rents (% of GDP),6,8,6,6,7,7,5,4
Namibia,Adjusted net national income per capita (constant 2015 US$),3906,4130,4333,4311,4335,4238,4181,3795
Namibia,Gini index,NA,NA,59,NA,NA,NA,NA,NA
Namibia,Income share held by highest 20%,NA,NA,63,NA,NA,NA,NA,NA
Namibia,Income share held by lowest 20%,NA,NA,2,NA,NA,NA,NA,NA
Namibia,Total natural resources rents (% of GDP),1,1,1,2,3,1,1,2
Nauru,Adjusted net national income per capita (constant 2015 US$),NA,NA,NA,NA,NA,NA,NA,NA
Nauru,Gini index,NA,NA,NA,NA,NA,NA,NA,NA
Nauru,Income share held by highest 20%,NA,NA,NA,NA,NA,NA,NA,NA
Nauru,Income share held by lowest 20%,NA,NA,NA,NA,NA,NA,NA,NA
Nauru,Total natural resources rents (% of GDP),0,0,0,0,0,0,0,0
Nepal,Adjusted net national income per capita (constant 2015 US$),779,834,838,814,940,994,1061,984
Nepal,Gini index,NA,NA,NA,NA,NA,NA,NA,NA
Nepal,Income share held by highest 20%,NA,NA,NA,NA,NA,NA,NA,NA
Nepal,Income share held by lowest 20%,NA,NA,NA,NA,NA,NA,NA,NA
Nepal,Total natural resources rents (% of GDP),0,0,0,1,0,0,0,0
Netherlands,Adjusted net national income per capita (constant 2015 US$),36552,36276,37498,37526,39428,40275,40640,37574
Netherlands,Gini index,28,28,28,28,28,28,29,NA
Netherlands,Income share held by highest 20%,37,37,37,37,37,37,38,NA
Netherlands,Income share held by lowest 20%,8,8,8,8,8,8,8,NA
Netherlands,Total natural resources rents (% of GDP),1,0,0,0,0,0,0,0
New Caledonia,Adjusted net national income per capita (constant 2015 US$),NA,NA,NA,NA,NA,NA,NA,NA
New Caledonia,Gini index,NA,NA,NA,NA,NA,NA,NA,NA
New Caledonia,Income share held by highest 20%,NA,NA,NA,NA,NA,NA,NA,NA
New Caledonia,Income share held by lowest 20%,NA,NA,NA,NA,NA,NA,NA,NA
New Caledonia,Total natural resources rents (% of GDP),0,0,0,0,0,0,0,NA
New Zealand,Adjusted net national income per capita (constant 2015 US$),30447,31021,31664,32617,33626,33774,34711,33079
New Zealand,Gini index,NA,NA,NA,NA,NA,NA,NA,NA
New Zealand,Income share held by highest 20%,NA,NA,NA,NA,NA,NA,NA,NA
New Zealand,Income share held by lowest 20%,NA,NA,NA,NA,NA,NA,NA,NA
New Zealand,Total natural resources rents (% of GDP),1,1,1,1,1,1,1,1
Nicaragua,Adjusted net national income per capita (constant 2015 US$),1515,1627,1755,1816,1864,1732,1696,1707
Nicaragua,Gini index,NA,46,NA,NA,NA,NA,NA,NA
Nicaragua,Income share held by highest 20%,NA,52,NA,NA,NA,NA,NA,NA
Nicaragua,Income share held by lowest 20%,NA,5,NA,NA,NA,NA,NA,NA
Nicaragua,Total natural resources rents (% of GDP),4,4,2,3,2,1,1,1
Niger,Adjusted net national income per capita (constant 2015 US$),468,476,489,491,492,520,525,480
Niger,Gini index,NA,34,NA,NA,NA,37,NA,NA
Niger,Income share held by highest 20%,NA,42,NA,NA,NA,45,NA,NA
Niger,Income share held by lowest 20%,NA,7,NA,NA,NA,7,NA,NA
Niger,Total natural resources rents (% of GDP),11,11,9,9,9,6,6,5
Nigeria,Adjusted net national income per capita (constant 2015 US$),2275,2295,2264,2077,1986,1850,1897,1974
Nigeria,Gini index,NA,NA,35,NA,NA,35,NA,NA
Nigeria,Income share held by highest 20%,NA,NA,43,NA,NA,42,NA,NA
Nigeria,Income share held by lowest 20%,NA,NA,7,NA,NA,7,NA,NA
Nigeria,Total natural resources rents (% of GDP),12,10,5,4,8,11,9,6
North Macedonia,Adjusted net national income per capita (constant 2015 US$),3431,3635,3838,4113,4111,4406,4553,4317
North Macedonia,Gini index,36,35,35,34,34,33,NA,NA
North Macedonia,Income share held by highest 20%,41,40,41,40,39,38,NA,NA
North Macedonia,Income share held by lowest 20%,5,5,5,5,5,6,NA,NA
North Macedonia,Total natural resources rents (% of GDP),1,1,1,0,0,0,0,0
Northern Mariana Islands,Adjusted net national income per capita (constant 2015 US$),NA,NA,NA,NA,NA,NA,NA,NA
Northern Mariana Islands,Gini index,NA,NA,NA,NA,NA,NA,NA,NA
Northern Mariana Islands,Income share held by highest 20%,NA,NA,NA,NA,NA,NA,NA,NA
Northern Mariana Islands,Income share held by lowest 20%,NA,NA,NA,NA,NA,NA,NA,NA
Northern Mariana Islands,Total natural resources rents (% of GDP),0,0,0,0,0,0,0,NA
Norway,Adjusted net national income per capita (constant 2015 US$),61316,62002,61021,59509,60398,61797,59346,55193
Norway,Gini index,26,26,27,28,27,27,27,NA
Norway,Income share held by highest 20%,35,35,36,37,36,36,36,NA
Norway,Income share held by lowest 20%,9,9,9,8,8,8,8,NA
Norway,Total natural resources rents (% of GDP),8,7,5,4,5,8,6,6
Oman,Adjusted net national income per capita (constant 2015 US$),10519,10252,10655,10431,10643,11305,10863,NA
Oman,Gini index,NA,NA,NA,NA,NA,NA,NA,NA
Oman,Income share held by highest 20%,NA,NA,NA,NA,NA,NA,NA,NA
Oman,Income share held by lowest 20%,NA,NA,NA,NA,NA,NA,NA,NA
Oman,Total natural resources rents (% of GDP),44,39,23,19,23,28,26,20
Pakistan,Adjusted net national income per capita (constant 2015 US$),1097,1136,1187,1113,1170,1194,1188,1173
Pakistan,Gini index,29,NA,31,NA,NA,29,NA,NA
Pakistan,Income share held by highest 20%,39,NA,41,NA,NA,39,NA,NA
Pakistan,Income share held by lowest 20%,9,NA,9,NA,NA,9,NA,NA
Pakistan,Total natural resources rents (% of GDP),2,2,1,0,0,1,1,0
Palau,Adjusted net national income per capita (constant 2015 US$),NA,NA,NA,NA,NA,NA,NA,NA
Palau,Gini index,NA,NA,NA,NA,NA,NA,NA,NA
Palau,Income share held by highest 20%,NA,NA,NA,NA,NA,NA,NA,NA
Palau,Income share held by lowest 20%,NA,NA,NA,NA,NA,NA,NA,NA
Palau,Total natural resources rents (% of GDP),0,0,0,0,0,0,0,0
Panama,Adjusted net national income per capita (constant 2015 US$),10915,10998,11991,12224,12743,12501,12526,10137
Panama,Gini index,51,50,50,50,49,49,49,NA
Panama,Income share held by highest 20%,56,54,55,54,54,53,54,NA
Panama,Income share held by lowest 20%,3,3,3,3,3,3,3,NA
Panama,Total natural resources rents (% of GDP),0,0,0,0,0,0,0,0
Papua New Guinea,Adjusted net national income per capita (constant 2015 US$),NA,NA,2049,NA,NA,NA,NA,NA
Papua New Guinea,Gini index,NA,NA,NA,NA,NA,NA,NA,NA
Papua New Guinea,Income share held by highest 20%,NA,NA,NA,NA,NA,NA,NA,NA
Papua New Guinea,Income share held by lowest 20%,NA,NA,NA,NA,NA,NA,NA,NA
Papua New Guinea,Total natural resources rents (% of GDP),11,13,11,13,15,17,12,10
Paraguay,Adjusted net national income per capita (constant 2015 US$),4862,5124,5152,5374,5625,5661,5572,5530
Paraguay,Gini index,47,50,47,47,48,46,45,43
Paraguay,Income share held by highest 20%,53,55,52,53,53,51,51,49
Paraguay,Income share held by lowest 20%,4,4,4,4,4,4,4,5
Paraguay,Total natural resources rents (% of GDP),1,1,1,1,1,1,1,1
Peru,Adjusted net national income per capita (constant 2015 US$),5185,5272,5331,5353,5404,5443,5604,5090
Peru,Gini index,43,43,43,43,43,42,41,43
Peru,Income share held by highest 20%,48,48,48,48,48,47,47,49
Peru,Income share held by lowest 20%,4,4,4,4,4,5,5,4
Peru,Total natural resources rents (% of GDP),7,5,3,4,5,5,4,2
Philippines,Adjusted net national income per capita (constant 2015 US$),2742,2873,3018,3161,3310,3401,3485,3042
Philippines,Gini index,NA,NA,44,NA,NA,42,NA,NA
Philippines,Income share held by highest 20%,NA,NA,51,NA,NA,49,NA,NA
Philippines,Income share held by lowest 20%,NA,NA,5,NA,NA,6,NA,NA
Philippines,Total natural resources rents (% of GDP),1,1,0,0,0,1,0,0
Poland,Adjusted net national income per capita (constant 2015 US$),9698,10092,10634,10961,11533,12092,12808,12662
Poland,Gini index,33,32,31,31,29,30,NA,NA
Poland,Income share held by highest 20%,40,40,39,39,38,38,NA,NA
Poland,Income share held by lowest 20%,7,7,7,8,8,8,NA,NA
Poland,Total natural resources rents (% of GDP),3,3,1,2,3,2,0,0
Portugal,Adjusted net national income per capita (constant 2015 US$),14851,14960,15416,15894,16468,16820,17329,15711
Portugal,Gini index,36,35,35,35,33,33,32,NA
Portugal,Income share held by highest 20%,43,42,42,42,41,41,40,NA
Portugal,Income share held by lowest 20%,6,6,6,6,7,7,7,NA
Portugal,Total natural resources rents (% of GDP),0,0,0,0,0,0,0,0
Puerto Rico,Adjusted net national income per capita (constant 2015 US$),NA,NA,NA,NA,NA,NA,NA,NA
Puerto Rico,Gini index,NA,NA,NA,NA,NA,NA,NA,NA
Puerto Rico,Income share held by highest 20%,NA,NA,NA,NA,NA,NA,NA,NA
Puerto Rico,Income share held by lowest 20%,NA,NA,NA,NA,NA,NA,NA,NA
Puerto Rico,Total natural resources rents (% of GDP),0,0,0,0,0,0,0,0
Qatar,Adjusted net national income per capita (constant 2015 US$),NA,NA,50770,NA,NA,NA,NA,NA
Qatar,Gini index,NA,NA,NA,NA,NA,NA,NA,NA
Qatar,Income share held by highest 20%,NA,NA,NA,NA,NA,NA,NA,NA
Qatar,Income share held by lowest 20%,NA,NA,NA,NA,NA,NA,NA,NA
Qatar,Total natural resources rents (% of GDP),33,28,18,14,16,20,17,14
Romania,Adjusted net national income per capita (constant 2015 US$),6453,6861,7208,7581,8233,8629,9536,9206
Romania,Gini index,36,36,35,34,36,35,34,NA
Romania,Income share held by highest 20%,41,40,40,39,41,41,40,NA
Romania,Income share held by lowest 20%,5,4,5,5,5,5,5,NA
Romania,Total natural resources rents (% of GDP),1,1,0,0,0,1,0,0
Russian Federation,Adjusted net national income per capita (constant 2015 US$),8028,7858,7423,7092,7308,7732,7631,7517
Russian Federation,Gini index,40,39,37,36,37,37,37,36
Russian Federation,Income share held by highest 20%,48,47,45,44,44,45,45,44
Russian Federation,Income share held by lowest 20%,6,6,6,7,7,7,7,7
Russian Federation,Total natural resources rents (% of GDP),13,12,10,8,10,15,12,10
Rwanda,Adjusted net national income per capita (constant 2015 US$),523,545,594,608,612,650,698,668
Rwanda,Gini index,45,NA,NA,43,NA,NA,NA,NA
Rwanda,Income share held by highest 20%,52,NA,NA,50,NA,NA,NA,NA
Rwanda,Income share held by lowest 20%,6,NA,NA,6,NA,NA,NA,NA
Rwanda,Total natural resources rents (% of GDP),6,6,5,5,5,4,3,3
Samoa,Adjusted net national income per capita (constant 2015 US$),NA,3109,3376,3657,3599,3547,3687,3450
Samoa,Gini index,38,NA,NA,NA,NA,NA,NA,NA
Samoa,Income share held by highest 20%,46,NA,NA,NA,NA,NA,NA,NA
Samoa,Income share held by lowest 20%,6,NA,NA,NA,NA,NA,NA,NA
Samoa,Total natural resources rents (% of GDP),0,0,0,0,0,0,0,0
San Marino,Adjusted net national income per capita (constant 2015 US$),NA,NA,NA,NA,NA,NA,NA,NA
San Marino,Gini index,NA,NA,NA,NA,NA,NA,NA,NA
San Marino,Income share held by highest 20%,NA,NA,NA,NA,NA,NA,NA,NA
San Marino,Income share held by lowest 20%,NA,NA,NA,NA,NA,NA,NA,NA
San Marino,Total natural resources rents (% of GDP),0,0,0,0,0,0,0,NA
Sao Tome and Principe,Adjusted net national income per capita (constant 2015 US$),NA,NA,867,NA,NA,NA,NA,NA
Sao Tome and Principe,Gini index,NA,NA,NA,NA,40,NA,NA,NA
Sao Tome and Principe,Income share held by highest 20%,NA,NA,NA,NA,47,NA,NA,NA
Sao Tome and Principe,Income share held by lowest 20%,NA,NA,NA,NA,6,NA,NA,NA
Sao Tome and Principe,Total natural resources rents (% of GDP),3,3,3,3,3,2,2,1
Saudi Arabia,Adjusted net national income per capita (constant 2015 US$),19133,18736,16363,15794,16095,16116,16673,15150
Saudi Arabia,Gini index,NA,NA,NA,NA,NA,NA,NA,NA
Saudi Arabia,Income share held by highest 20%,NA,NA,NA,NA,NA,NA,NA,NA
Saudi Arabia,Income share held by lowest 20%,NA,NA,NA,NA,NA,NA,NA,NA
Saudi Arabia,Total natural resources rents (% of GDP),46,41,24,20,24,30,25,18
Senegal,Adjusted net national income per capita (constant 2015 US$),963,1024,1084,1139,1199,1221,1231,1242
Senegal,Gini index,NA,NA,NA,NA,NA,38,NA,NA
Senegal,Income share held by highest 20%,NA,NA,NA,NA,NA,45,NA,NA
Senegal,Income share held by lowest 20%,NA,NA,NA,NA,NA,7,NA,NA
Senegal,Total natural resources rents (% of GDP),3,3,3,3,3,2,2,3
Serbia,Adjusted net national income per capita (constant 2015 US$),4082,3966,4585,4726,4774,5081,5308,5486
Serbia,Gini index,39,40,40,38,36,35,34,NA
Serbia,Income share held by highest 20%,44,44,45,43,41,41,41,NA
Serbia,Income share held by lowest 20%,4,4,4,4,5,5,6,NA
Serbia,Total natural resources rents (% of GDP),2,1,1,1,1,1,1,1
Seychelles,Adjusted net national income per capita (constant 2015 US$),11757,11117,11995,11508,12372,12922,12944,10448
Seychelles,Gini index,46,NA,NA,NA,NA,32,NA,NA
Seychelles,Income share held by highest 20%,53,NA,NA,NA,NA,39,NA,NA
Seychelles,Income share held by lowest 20%,5,NA,NA,NA,NA,7,NA,NA
Seychelles,Total natural resources rents (% of GDP),0,0,0,0,0,0,0,0
Sierra Leone,Adjusted net national income per capita (constant 2015 US$),621,543,489,436,527,551,592,578
Sierra Leone,Gini index,NA,NA,NA,NA,NA,35,NA,NA
Sierra Leone,Income share held by highest 20%,NA,NA,NA,NA,NA,44,NA,NA
Sierra Leone,Income share held by lowest 20%,NA,NA,NA,NA,NA,7,NA,NA
Sierra Leone,Total natural resources rents (% of GDP),7,8,10,14,14,8,7,7
Singapore,Adjusted net national income per capita (constant 2015 US$),NA,NA,43439,NA,NA,NA,NA,NA
Singapore,Gini index,NA,NA,NA,NA,NA,NA,NA,NA
Singapore,Income share held by highest 20%,NA,NA,NA,NA,NA,NA,NA,NA
Singapore,Income share held by lowest 20%,NA,NA,NA,NA,NA,NA,NA,NA
Singapore,Total natural resources rents (% of GDP),0,0,0,0,0,0,0,0
Sint Maarten (Dutch part),Adjusted net national income per capita (constant 2015 US$),NA,NA,NA,NA,NA,NA,NA,NA
Sint Maarten (Dutch part),Gini index,NA,NA,NA,NA,NA,NA,NA,NA
Sint Maarten (Dutch part),Income share held by highest 20%,NA,NA,NA,NA,NA,NA,NA,NA
Sint Maarten (Dutch part),Income share held by lowest 20%,NA,NA,NA,NA,NA,NA,NA,NA
Sint Maarten (Dutch part),Total natural resources rents (% of GDP),0,0,0,0,0,0,NA,NA
Slovak Republic,Adjusted net national income per capita (constant 2015 US$),12371,12654,13139,13260,13693,14232,14463,13770
Slovak Republic,Gini index,28,26,26,25,23,25,23,NA
Slovak Republic,Income share held by highest 20%,36,34,35,34,32,33,32,NA
Slovak Republic,Income share held by lowest 20%,8,8,8,8,9,8,9,NA
Slovak Republic,Total natural resources rents (% of GDP),0,0,0,0,0,0,0,0
Slovenia,Adjusted net national income per capita (constant 2015 US$),15168,15827,15893,16694,17713,18670,19280,18286
Slovenia,Gini index,26,25,25,24,24,24,24,NA
Slovenia,Income share held by highest 20%,35,35,35,34,34,34,34,NA
Slovenia,Income share held by lowest 20%,9,9,9,9,10,10,10,NA
Slovenia,Total natural resources rents (% of GDP),0,0,0,0,0,0,0,0
Solomon Islands,Adjusted net national income per capita (constant 2015 US$),1900,1872,1893,1890,1952,2044,2030,1917
Solomon Islands,Gini index,NA,NA,NA,NA,NA,NA,NA,NA
Solomon Islands,Income share held by highest 20%,NA,NA,NA,NA,NA,NA,NA,NA
Solomon Islands,Income share held by lowest 20%,NA,NA,NA,NA,NA,NA,NA,NA
Solomon Islands,Total natural resources rents (% of GDP),17,20,16,14,22,22,19,19
Somalia,Adjusted net national income per capita (constant 2015 US$),NA,NA,199,NA,NA,NA,NA,NA
Somalia,Gini index,NA,NA,NA,NA,36,NA,NA,NA
Somalia,Income share held by highest 20%,NA,NA,NA,NA,NA,NA,NA,NA
Somalia,Income share held by lowest 20%,NA,NA,NA,NA,NA,NA,NA,NA
Somalia,Total natural resources rents (% of GDP),20,23,24,25,23,13,14,14
South Africa,Adjusted net national income per capita (constant 2015 US$),5075,5079,5144,5073,5193,5185,5150,4823
South Africa,Gini index,NA,63,NA,NA,NA,NA,NA,NA
South Africa,Income share held by highest 20%,NA,68,NA,NA,NA,NA,NA,NA
South Africa,Income share held by lowest 20%,NA,2,NA,NA,NA,NA,NA,NA
South Africa,Total natural resources rents (% of GDP),5,3,2,3,3,3,3,3
South Sudan,Adjusted net national income per capita (constant 2015 US$),723,868,788,NA,NA,NA,NA,NA
South Sudan,Gini index,NA,NA,NA,44,NA,NA,NA,NA
South Sudan,Income share held by highest 20%,NA,NA,NA,NA,NA,NA,NA,NA
South Sudan,Income share held by lowest 20%,NA,NA,NA,NA,NA,NA,NA,NA
South Sudan,Total natural resources rents (% of GDP),18,26,11,NA,NA,NA,NA,NA
Spain,Adjusted net national income per capita (constant 2015 US$),20429,20589,21574,22569,22994,23422,23849,20794
Spain,Gini index,36,36,36,35,34,34,34,NA
Spain,Income share held by highest 20%,41,41,42,41,41,41,40,NA
Spain,Income share held by lowest 20%,5,5,5,5,6,6,6,NA
Spain,Total natural resources rents (% of GDP),0,0,0,0,0,0,0,0
Sri Lanka,Adjusted net national income per capita (constant 2015 US$),NA,NA,3476,3596,3730,3778,3781,3672
Sri Lanka,Gini index,NA,NA,NA,39,NA,NA,NA,NA
Sri Lanka,Income share held by highest 20%,NA,NA,NA,47,NA,NA,NA,NA
Sri Lanka,Income share held by lowest 20%,NA,NA,NA,7,NA,NA,NA,NA
Sri Lanka,Total natural resources rents (% of GDP),0,0,0,0,0,0,0,0
St. Kitts and Nevis,Adjusted net national income per capita (constant 2015 US$),NA,NA,NA,NA,NA,NA,NA,NA
St. Kitts and Nevis,Gini index,NA,NA,NA,NA,NA,NA,NA,NA
St. Kitts and Nevis,Income share held by highest 20%,NA,NA,NA,NA,NA,NA,NA,NA
St. Kitts and Nevis,Income share held by lowest 20%,NA,NA,NA,NA,NA,NA,NA,NA
St. Kitts and Nevis,Total natural resources rents (% of GDP),0,0,0,0,0,0,0,0
St. Lucia,Adjusted net national income per capita (constant 2015 US$),NA,NA,7452,NA,NA,NA,NA,NA
St. Lucia,Gini index,NA,NA,NA,51,NA,NA,NA,NA
St. Lucia,Income share held by highest 20%,NA,NA,NA,55,NA,NA,NA,NA
St. Lucia,Income share held by lowest 20%,NA,NA,NA,3,NA,NA,NA,NA
St. Lucia,Total natural resources rents (% of GDP),0,0,0,0,0,0,0,0
St. Martin (French part),Adjusted net national income per capita (constant 2015 US$),NA,NA,NA,NA,NA,NA,NA,NA
St. Martin (French part),Gini index,NA,NA,NA,NA,NA,NA,NA,NA
St. Martin (French part),Income share held by highest 20%,NA,NA,NA,NA,NA,NA,NA,NA
St. Martin (French part),Income share held by lowest 20%,NA,NA,NA,NA,NA,NA,NA,NA
St. Martin (French part),Total natural resources rents (% of GDP),NA,NA,NA,NA,NA,NA,NA,NA
St. Vincent and the Grenadines,Adjusted net national income per capita (constant 2015 US$),NA,NA,5755,NA,NA,NA,NA,NA
St. Vincent and the Grenadines,Gini index,NA,NA,NA,NA,NA,NA,NA,NA
St. Vincent and the Grenadines,Income share held by highest 20%,NA,NA,NA,NA,NA,NA,NA,NA
St. Vincent and the Grenadines,Income share held by lowest 20%,NA,NA,NA,NA,NA,NA,NA,NA
St. Vincent and the Grenadines,Total natural resources rents (% of GDP),0,0,0,0,0,0,0,0
Sudan,Adjusted net national income per capita (constant 2015 US$),1157,1291,1206,828,612,1666,1328,1187
Sudan,Gini index,NA,34,NA,NA,NA,NA,NA,NA
Sudan,Income share held by highest 20%,NA,42,NA,NA,NA,NA,NA,NA
Sudan,Income share held by lowest 20%,NA,7,NA,NA,NA,NA,NA,NA
Sudan,Total natural resources rents (% of GDP),11,8,4,6,8,9,10,12
Suriname,Adjusted net national income per capita (constant 2015 US$),NA,NA,7345,NA,NA,NA,NA,NA
Suriname,Gini index,NA,NA,NA,NA,NA,NA,NA,NA
Suriname,Income share held by highest 20%,NA,NA,NA,NA,NA,NA,NA,NA
Suriname,Income share held by lowest 20%,NA,NA,NA,NA,NA,NA,NA,NA
Suriname,Total natural resources rents (% of GDP),20,13,5,15,20,8,7,8
Sweden,Adjusted net national income per capita (constant 2015 US$),41662,42315,43365,43659,44439,44511,45565,43619
Sweden,Gini index,28,28,29,29,28,30,29,NA
Sweden,Income share held by highest 20%,37,37,37,37,37,37,37,NA
Sweden,Income share held by lowest 20%,8,8,8,8,8,7,8,NA
Sweden,Total natural resources rents (% of GDP),0,0,0,0,1,1,0,0
Switzerland,Adjusted net national income per capita (constant 2015 US$),66365,65457,67173,65524,64499,63442,64006,60153
Switzerland,Gini index,32,32,32,33,32,33,NA,NA
Switzerland,Income share held by highest 20%,40,40,40,40,40,40,NA,NA
Switzerland,Income share held by lowest 20%,7,7,7,7,7,7,NA,NA
Switzerland,Total natural resources rents (% of GDP),0,0,0,0,0,0,0,0
Syrian Arab Republic,Adjusted net national income per capita (constant 2015 US$),NA,NA,738,NA,NA,NA,NA,NA
Syrian Arab Republic,Gini index,NA,NA,NA,NA,NA,NA,NA,NA
Syrian Arab Republic,Income share held by highest 20%,NA,NA,NA,NA,NA,NA,NA,NA
Syrian Arab Republic,Income share held by lowest 20%,NA,NA,NA,NA,NA,NA,NA,NA
Syrian Arab Republic,Total natural resources rents (% of GDP),12,5,4,3,2,3,3,NA
Tajikistan,Adjusted net national income per capita (constant 2015 US$),NA,NA,1039,NA,NA,NA,NA,NA
Tajikistan,Gini index,NA,NA,34,NA,NA,NA,NA,NA
Tajikistan,Income share held by highest 20%,NA,NA,41,NA,NA,NA,NA,NA
Tajikistan,Income share held by lowest 20%,NA,NA,7,NA,NA,NA,NA,NA
Tajikistan,Total natural resources rents (% of GDP),1,2,2,3,4,5,5,5
Tanzania,Adjusted net national income per capita (constant 2015 US$),667,718,765,808,847,868,888,870
Tanzania,Gini index,NA,NA,NA,NA,NA,40,NA,NA
Tanzania,Income share held by highest 20%,NA,NA,NA,NA,NA,48,NA,NA
Tanzania,Income share held by lowest 20%,NA,NA,NA,NA,NA,6,NA,NA
Tanzania,Total natural resources rents (% of GDP),5,5,5,5,5,3,3,3
Thailand,Adjusted net national income per capita (constant 2015 US$),NA,NA,4362,NA,NA,NA,NA,NA
Thailand,Gini index,37,37,36,36,36,36,34,35
Thailand,Income share held by highest 20%,45,44,43,44,44,44,42,42
Thailand,Income share held by lowest 20%,6,7,7,7,7,7,7,7
Thailand,Total natural resources rents (% of GDP),2,2,2,1,1,2,1,1
Timor-Leste,Adjusted net national income per capita (constant 2015 US$),NA,NA,1305,1262,1261,926,1375,1609
Timor-Leste,Gini index,NA,28,NA,NA,NA,NA,NA,NA
Timor-Leste,Income share held by highest 20%,NA,38,NA,NA,NA,NA,NA,NA
Timor-Leste,Income share held by lowest 20%,NA,9,NA,NA,NA,NA,NA,NA
Timor-Leste,Total natural resources rents (% of GDP),NA,NA,81,42,44,72,44,7
Togo,Adjusted net national income per capita (constant 2015 US$),419,445,487,527,541,570,588,585
Togo,Gini index,NA,NA,43,NA,NA,42,NA,NA
Togo,Income share held by highest 20%,NA,NA,48,NA,NA,48,NA,NA
Togo,Income share held by lowest 20%,NA,NA,5,NA,NA,5,NA,NA
Togo,Total natural resources rents (% of GDP),15,13,12,9,7,4,4,4
Tonga,Adjusted net national income per capita (constant 2015 US$),3647,3661,3797,4180,4446,4468,4841,4718
Tonga,Gini index,NA,NA,37,NA,NA,NA,NA,NA
Tonga,Income share held by highest 20%,NA,NA,45,NA,NA,NA,NA,NA
Tonga,Income share held by lowest 20%,NA,NA,6,NA,NA,NA,NA,NA
Tonga,Total natural resources rents (% of GDP),0,0,0,0,0,0,0,0
Trinidad and Tobago,Adjusted net national income per capita (constant 2015 US$),NA,NA,14146,NA,NA,NA,NA,NA
Trinidad and Tobago,Gini index,NA,NA,NA,NA,NA,NA,NA,NA
Trinidad and Tobago,Income share held by highest 20%,NA,NA,NA,NA,NA,NA,NA,NA
Trinidad and Tobago,Income share held by lowest 20%,NA,NA,NA,NA,NA,NA,NA,NA
Trinidad and Tobago,Total natural resources rents (% of GDP),15,11,6,4,6,10,8,5
Tunisia,Adjusted net national income per capita (constant 2015 US$),3006,3285,3456,3603,3769,3800,3821,3556
Tunisia,Gini index,NA,NA,32,NA,NA,NA,NA,NA
Tunisia,Income share held by highest 20%,NA,NA,40,NA,NA,NA,NA,NA
Tunisia,Income share held by lowest 20%,NA,NA,7,NA,NA,NA,NA,NA
Tunisia,Total natural resources rents (% of GDP),5,4,2,1,2,2,2,1
Turkiye,Adjusted net national income per capita (constant 2015 US$),NA,NA,9133,NA,NA,NA,NA,NA
Turkiye,Gini index,40,41,42,41,41,41,41,NA
Turkiye,Income share held by highest 20%,46,47,49,48,47,48,48,NA
Turkiye,Income share held by lowest 20%,5,5,5,5,5,5,5,NA
Turkiye,Total natural resources rents (% of GDP),0,0,0,0,0,0,0,0
Turkmenistan,Adjusted net national income per capita (constant 2015 US$),NA,NA,NA,NA,NA,NA,NA,NA
Turkmenistan,Gini index,NA,NA,NA,NA,NA,NA,NA,NA
Turkmenistan,Income share held by highest 20%,NA,NA,NA,NA,NA,NA,NA,NA
Turkmenistan,Income share held by lowest 20%,NA,NA,NA,NA,NA,NA,NA,NA
Turkmenistan,Total natural resources rents (% of GDP),33,24,18,11,16,24,17,NA
Turks and Caicos Islands,Adjusted net national income per capita (constant 2015 US$),NA,NA,23572,NA,NA,NA,NA,NA
Turks and Caicos Islands,Gini index,NA,NA,NA,NA,NA,NA,NA,NA
Turks and Caicos Islands,Income share held by highest 20%,NA,NA,NA,NA,NA,NA,NA,NA
Turks and Caicos Islands,Income share held by lowest 20%,NA,NA,NA,NA,NA,NA,NA,NA
Turks and Caicos Islands,Total natural resources rents (% of GDP),0,0,0,0,0,0,0,0
Tuvalu,Adjusted net national income per capita (constant 2015 US$),NA,NA,NA,NA,NA,NA,NA,NA
Tuvalu,Gini index,NA,NA,NA,NA,NA,NA,NA,NA
Tuvalu,Income share held by highest 20%,NA,NA,NA,NA,NA,NA,NA,NA
Tuvalu,Income share held by lowest 20%,NA,NA,NA,NA,NA,NA,NA,NA
Tuvalu,Total natural resources rents (% of GDP),0,0,0,0,0,0,0,0
Uganda,Adjusted net national income per capita (constant 2015 US$),593,647,656,676,681,758,797,814
Uganda,Gini index,NA,NA,NA,42,NA,NA,42,NA
Uganda,Income share held by highest 20%,NA,NA,NA,49,NA,NA,49,NA
Uganda,Income share held by lowest 20%,NA,NA,NA,6,NA,NA,6,NA
Uganda,Total natural resources rents (% of GDP),10,10,10,12,12,7,7,7
Ukraine,Adjusted net national income per capita (constant 2015 US$),2090,2030,1934,1935,2109,2185,2280,2329
Ukraine,Gini index,24,24,25,25,26,26,26,25
Ukraine,Income share held by highest 20%,35,34,35,35,36,36,36,35
Ukraine,Income share held by lowest 20%,10,10,10,10,9,9,9,10
Ukraine,Total natural resources rents (% of GDP),4,3,2,2,2,2,1,1
United Arab Emirates,Adjusted net national income per capita (constant 2015 US$),39145,40941,37047,37164,39840,38977,38672,36068
United Arab Emirates,Gini index,32,NA,NA,NA,NA,26,NA,NA
United Arab Emirates,Income share held by highest 20%,38,NA,NA,NA,NA,34,NA,NA
United Arab Emirates,Income share held by lowest 20%,6,NA,NA,NA,NA,9,NA,NA
United Arab Emirates,Total natural resources rents (% of GDP),27,24,14,11,13,17,16,11
United Kingdom,Adjusted net national income per capita (constant 2015 US$),35632,36752,37646,38019,38787,39147,NA,NA
United Kingdom,Gini index,33,34,33,34,35,NA,NA,NA
United Kingdom,Income share held by highest 20%,40,41,40,42,42,NA,NA,NA
United Kingdom,Income share held by lowest 20%,7,7,7,7,6,NA,NA,NA
United Kingdom,Total natural resources rents (% of GDP),0,0,0,0,0,0,0,0
United States,Adjusted net national income per capita (constant 2015 US$),46651,47670,49202,49147,50196,51116,51954,49410
United States,Gini index,40,41,41,41,41,41,41,NA
United States,Income share held by highest 20%,46,47,46,46,46,46,47,NA
United States,Income share held by lowest 20%,5,5,5,5,5,5,5,NA
United States,Total natural resources rents (% of GDP),0,0,0,0,0,0,0,0
Uruguay,Adjusted net national income per capita (constant 2015 US$),12401,12548,12706,13267,13347,13272,13534,12605
Uruguay,Gini index,40,40,40,39,39,39,39,40
Uruguay,Income share held by highest 20%,46,46,46,45,45,45,45,46
Uruguay,Income share held by lowest 20%,5,5,5,5,5,5,5,5
Uruguay,Total natural resources rents (% of GDP),1,1,1,1,1,1,1,2
Uzbekistan,Adjusted net national income per capita (constant 2015 US$),NA,NA,2372,NA,NA,NA,NA,NA
Uzbekistan,Gini index,NA,NA,NA,NA,NA,NA,NA,NA
Uzbekistan,Income share held by highest 20%,NA,NA,NA,NA,NA,NA,NA,NA
Uzbekistan,Income share held by lowest 20%,NA,NA,NA,NA,NA,NA,NA,NA
Uzbekistan,Total natural resources rents (% of GDP),16,11,7,7,13,20,13,11
Vanuatu,Adjusted net national income per capita (constant 2015 US$),2333,2409,2451,2589,2641,2978,3110,2870
Vanuatu,Gini index,NA,NA,NA,NA,NA,NA,32,NA
Vanuatu,Income share held by highest 20%,NA,NA,NA,NA,NA,NA,39,NA
Vanuatu,Income share held by lowest 20%,NA,NA,NA,NA,NA,NA,7,NA
Vanuatu,Total natural resources rents (% of GDP),0,0,0,0,0,0,0,0
"Venezuela, RB",Adjusted net national income per capita (constant 2015 US$),NA,NA,NA,NA,NA,NA,NA,NA
"Venezuela, RB",Gini index,NA,NA,NA,NA,NA,NA,NA,NA
"Venezuela, RB",Income share held by highest 20%,NA,NA,NA,NA,NA,NA,NA,NA
"Venezuela, RB",Income share held by lowest 20%,NA,NA,NA,NA,NA,NA,NA,NA
"Venezuela, RB",Total natural resources rents (% of GDP),17,11,NA,NA,NA,NA,NA,NA
Vietnam,Adjusted net national income per capita (constant 2015 US$),1489,1581,1655,1754,1872,2019,2136,2205
Vietnam,Gini index,NA,34,NA,35,NA,35,NA,NA
Vietnam,Income share held by highest 20%,NA,42,NA,42,NA,42,NA,NA
Vietnam,Income share held by lowest 20%,NA,7,NA,6,NA,6,NA,NA
Vietnam,Total natural resources rents (% of GDP),7,7,4,3,4,4,3,2
Virgin Islands (U.S.),Adjusted net national income per capita (constant 2015 US$),NA,NA,NA,NA,NA,NA,NA,NA
Virgin Islands (U.S.),Gini index,NA,NA,NA,NA,NA,NA,NA,NA
Virgin Islands (U.S.),Income share held by highest 20%,NA,NA,NA,NA,NA,NA,NA,NA
Virgin Islands (U.S.),Income share held by lowest 20%,NA,NA,NA,NA,NA,NA,NA,NA
Virgin Islands (U.S.),Total natural resources rents (% of GDP),1,0,0,0,0,0,0,NA
West Bank and Gaza,Adjusted net national income per capita (constant 2015 US$),NA,NA,NA,NA,NA,NA,NA,NA
West Bank and Gaza,Gini index,NA,NA,NA,33,NA,NA,NA,NA
West Bank and Gaza,Income share held by highest 20%,NA,NA,NA,41,NA,NA,NA,NA
West Bank and Gaza,Income share held by lowest 20%,NA,NA,NA,7,NA,NA,NA,NA
West Bank and Gaza,Total natural resources rents (% of GDP),0,0,0,0,0,0,0,0
"Yemen, Rep.",Adjusted net national income per capita (constant 2015 US$),NA,NA,1366,NA,NA,NA,NA,NA
"Yemen, Rep.",Gini index,NA,36,NA,NA,NA,NA,NA,NA
"Yemen, Rep.",Income share held by highest 20%,NA,44,NA,NA,NA,NA,NA,NA
"Yemen, Rep.",Income share held by lowest 20%,NA,7,NA,NA,NA,NA,NA,NA
"Yemen, Rep.",Total natural resources rents (% of GDP),13,11,2,0,1,4,NA,NA
Zambia,Adjusted net national income per capita (constant 2015 US$),NA,NA,1054,NA,NA,NA,NA,NA
Zambia,Gini index,NA,NA,57,NA,NA,NA,NA,NA
Zambia,Income share held by highest 20%,NA,NA,61,NA,NA,NA,NA,NA
Zambia,Income share held by lowest 20%,NA,NA,2,NA,NA,NA,NA,NA
Zambia,Total natural resources rents (% of GDP),11,10,11,11,13,11,11,11
Zimbabwe,Adjusted net national income per capita (constant 2015 US$),1112,1109,1220,1187,1204,682,1038,853
Zimbabwe,Gini index,NA,NA,NA,NA,44,NA,50,NA
Zimbabwe,Income share held by highest 20%,NA,NA,NA,NA,51,NA,NA,NA
Zimbabwe,Income share held by lowest 20%,NA,NA,NA,NA,6,NA,NA,NA
Zimbabwe,Total natural resources rents (% of GDP),5,5,4,4,6,6,5,6
